year,partner_iso,gdp,gdp_pcap,population,exchange,deflator
1995,ARG,258031750000,7408.70866363112,34828168,0.99975,61.0539262799835
1996,ARG,272149750000,7721.35410460355,35246376,0.9996625,61.0219489829064
1997,ARG,292859000000,8213.12512693705,35657438,0.9995,60.7388601486823
1998,ARG,298948250000,8289.5075682025,36063451,0.9995,59.7030927427165
1999,ARG,283523000000,7774.73620280001,36467218,0.9995,58.6066105825432
2000,ARG,284203750000,7708.09911454041,36870796,0.9995,59.214529394292
2001,ARG,268696750000,7208.37311355372,37275644,0.9995,58.5656756966243
2002,ARG,97724004251.8602,2593.404563368,37681743,3.06325666666667,76.4605374112749
2003,ARG,127586973492.177,3349.80630031036,38087866,2.90062916666667,84.4856083466432
2004,ARG,164657930452.787,4277.72157290954,38491970,2.92330081890332,99.9999998969317
2005,ARG,198737095012.282,5109.85224490403,38892924,2.9036575,110.317511084538
2006,ARG,232557260817.308,5919.01233837714,39289876,3.05431333333333,125.47629818382
2007,ARG,287530508430.568,7245.44685667197,39684303,3.09564884920635,144.222363056105
2008,ARG,361558037110.419,9020.87332314274,40080159,3.14416455988456,177.640364739783
2009,ARG,332976484577.619,8225.13758261645,40482786,3.71010683052328,204.957277170641
2010,ARG,423627422092.49,10385.9644319555,40788453,3.8962951544705,247.824346395484
2011,ARG,530163281574.658,12848.8641969705,41261490,4.11013957621326,306.567321408416
2012,ARG,545982375701.128,13082.664325572,41733271,4.53693436018746,374.977453364052
2013,ARG,552025140252.246,13080.2547323367,42202935,5.45935266465704,464.780047776689
2014,ARG,526319673731.638,12334.7982453893,42669500,8.07527599281334,652.007262571679
2015,ARG,594749285413.212,13789.060424772,43131966,9.23318552472429,825.310738210731
2016,ARG,557531376217.967,12790.2424732447,43590368,14.7581750873396,1164.67339673925
2017,ARG,643628665302.155,14613.041824658,44044811,16.5627069251411,1467.56277769074
2018,ARG,524819742918.669,11795.1593866287,44494502,28.0949916666667,2084.4332574088
2019,ARG,451932356085.842,10056.637940265,44938712,48.1478916666667,3145.85791166458
2020,ARG,389288056265.325,8579.01777315683,45376763,70.5391666666667,4400.77893126117
1995,BHS,3429000000,12238.6046063409,280179,1,44.24310783924
1996,BHS,3609000000,12708.6414536235,283980,1,44.6785677875944
1997,BHS,6332360000,22036.1006810202,287363,1,73.3497816543304
1998,BHS,6833220000,23514.1775636614,290600,1,82.8841745205779
1999,BHS,7683870000,26130.0129564073,294063,1,83.0697629163559
2000,BHS,8076470000,27098.1563186767,298045,1,83.8355979530191
2001,BHS,8317830000,27486.2367737544,302618,1,84.1323609734388
2002,BHS,8881160000,28867.0824977166,307657,1,87.4646444750837
2003,BHS,8870090000,28327.8136706662,313123,1,88.474405521864
2004,BHS,9055290000,28396.0137099278,318893,1,89.5313473269989
2005,BHS,9836200000,30279.3922080481,324848,1,94.0588094668898
2006,BHS,10167250000,30713.7980618188,331032,1,94.8375572490602
2007,BHS,10618340000,31472.2855356015,337387,1,97.6327258684419
2008,BHS,10526000000,30627.3277467412,343680,1,99.0859541941618
2009,BHS,9981960000,28552.5171624714,349600,1,98.0594331745174
2010,BHS,10095760000,28443.8884756689,354936,1,97.6747515987655
2011,BHS,10070450000,28005.9124040903,359583,1,96.8359055723833
2012,BHS,10720500000,29485.8642228279,363581,1,99.9998134418853
2013,BHS,10494600000,28583.0232976179,367162,1,101.531397568378
2014,BHS,11142900000,30065.1602023609,370625,1,105.3919389529
2015,BHS,11890600000,31776.0555852485,374200,1,110.703944734613
2016,BHS,11992600000,31732.9191396131,377923,1,111.551909691378
2017,BHS,12359700000,32376.5091722572,381749,1,113.128227001508
2018,BHS,12837800000,33290.028135413,385635,1,114.340425910917
2019,BHS,13164400000,33799.4176940891,389486,1,116.431419962022
2020,BHS,9907500000,25194.0251444381,393248,1,102.503962555403
1995,BRB,2216974096.35559,8335.89929257052,265955,2,62.4334920190423
1996,BRB,2363645403.47039,8851.04645800324,267047,2,64.018314031780207
1997,BRB,2498384129.66738,9315.96756568231,268183,2,64.6052969915145
1998,BRB,2817083478.34734,10459.4424704914,269334,2,70.2280614774418
1999,BRB,2951822204.54432,10914.2822448996,270455,2,73.3415688696726
2000,BRB,3059500000,11268.4200640121,271511,2,72.3713778829095
2001,BRB,3054500000,11209.4211248688,272494,2,74.0036341611145
2002,BRB,3106500000,11361.5167707179,273423,2,74.6754807692308
2003,BRB,3209500000,11699.3704685216,274331,2,75.5087636748618
2004,BRB,3444500000,12512.5779652212,275283,2,79.9095232571627
2005,BRB,3819500000,13822.7417486972,276320,2,85.2376701629101
2006,BRB,4217500000,15199.5675286062,277475,2,88.8736697924349
2007,BRB,4674000000,16770.6610309974,278701,2,96.3711340206186
2008,BRB,4785000000,17092.5821408414,279946,2,97.972972972973
2009,BRB,4465500000,15885.410181888,281107,2,96.3222605694564
2010,BRB,4530000000,16056.3709766031,282131,2,100
2011,BRB,4657500000,16458.3532105715,282987,2,103.51150127792
2012,BRB,4610000000,16249.6739490585,283698,2,102.924759991069
2013,BRB,4677000000,16451.2793094473,284294,2,105.910326086957
2014,BRB,4696500000,16489.0722373387,284825,2,106.484525563995
2015,BRB,4715000000,16524.899501274,285327,2,104.348788314706
2016,BRB,4830000000,16900.0482858522,285798,2,104.308390022676
2017,BRB,4978000000,17391.6689084614,286229,2,106.996238581408
2018,BRB,5086500000,17745.2553725928,286640,2,109.966490109177
2019,BRB,5209000000,18148.4978451054,287021,2,112.723219538749
2020,BRB,4418000000,15373.8547035017,287371,2,118.002136752137
1995,BLZ,620422500,2997.76045844165,206962,2,99.8764870154409
1996,BLZ,641660000,3003.18262660301,213660,2,101.839922643178
1997,BLZ,654582900,2954.22723682726,221575,2,100.334449237083
1998,BLZ,689140000,2993.0335985546,230248,2,101.822669218464
1999,BLZ,732732350,3066.09513806652,238979,2,99.5263099095073
2000,BLZ,832072450,3364.49173102584,247310,2,100
2001,BLZ,868358750,3404.42058588298,255068,2,99.6936604896484
2002,BLZ,925197950,3526.08151318472,262387,2,101.419609106124
2003,BLZ,983575600,3650.60647000312,269428,2,98.6146236702524
2004,BLZ,1051386600,3802.2631601788,276516,2,100.595004936049
2005,BLZ,1102564900,3885.03407353117,283798,2,103.483155294905
2006,BLZ,1210603750,4155.32388497209,291338,2,108.392854384823
2007,BLZ,1271598050,4252.39540382101,299031,2,113.275199383275
2008,BLZ,1351338650,4404.30819823872,306822,2,116.319254641544
2009,BLZ,1317309450,4186.51999809315,314655,2,113.144077251092
2010,BLZ,1377177100,4270.78008466035,322465,2,114.836966861121
2011,BLZ,1460797903.23406,4423.4968423614,330236,2,119.51711214842
2012,BLZ,1522897506.07849,4505.60059312987,338001,2,121.651755887566
2013,BLZ,1579411253.00514,4568.64122799115,345707,2,124.554335633858
2014,BLZ,1667335060.96064,4718.43658122355,353366,2,126.385071893928
2015,BLZ,1721700991.46912,4770.23265563888,360926,2,127.151950922722
2016,BLZ,1789304087.78561,4856.97324853112,368399,2,132.188540764304
2017,BLZ,1858529676.71857,4945.85769867226,375775,2,134.856849887064
2018,BLZ,1915899786.96407,5001.42215663433,383071,2,135.093765827392
2019,BLZ,1982518540.6134,5078.80994441772,390351,2,137.369632803035
2020,BLZ,1636280797.08056,4115.17700795622,397621,2,131.851796702704
1995,BOL,6715220507.05164,880.992686367672,7622334,4.80034166666667,170.760167345115
1996,BOL,7396966657.47054,950.856386162623,7779268,5.0746125,190.534546379662
1997,BOL,7925673448.41368,998.515953217447,7937453,5.25425833333333,201.404623306271
1998,BOL,8497545598.08352,1049.49937364874,8096761,5.51013333333333,215.605925470088
1999,BOL,8285075872.27307,1003.39223063895,8257066,5.81240833333333,220.805394792293
2000,BOL,8397912509.09679,997.581748874387,8418270,6.18354166666667,232.277135738013
2001,BOL,8141537937.61068,948.870211337892,8580244,6.60691666666667,236.620933721027
2002,BOL,7905485216.17852,904.225799882294,8742822,7.17,243.295438664083
2003,BOL,8082364868.39357,907.537415801528,8905820,7.65916666666667,258.696018377715
2004,BOL,8773451738.91129,967.406458598204,9069044,7.93626666666667,279.308166836235
2005,BOL,9549077869.10651,1034.31180039586,9232301,8.0660625,295.901294033401
2006,BOL,11451869164.7112,1218.87407027713,9395449,8.01161666666667,336.332298138126
2007,BOL,13120183156.7149,1372.62836843372,9558438,7.85124516125,361.131273645197
2008,BOL,16674324634.2373,1715.2083925524,9721457,7.23832069891667,398.620971003665
2009,BOL,17339992165.2422,1754.20946375615,9884790,7.02,388.974758400528
2010,BOL,19649631314.0482,1955.46018156049,10048597,7.01666666666667,423.117052786567
2011,BOL,23963033430.5954,2346.33784403698,10212951,6.9369625,484.902104184802
2012,BOL,27084497482.8616,2609.880562178,10377677,6.91,519.331488565344
2013,BOL,30659338880.3786,2908.2003704458,10542375,6.91,550.467429073797
2014,BOL,32996188012.6821,3081.87882321413,10706517,6.91,561.749245626106
2015,BOL,33000198248.3362,3035.97165489786,10869732,6.91,535.793047092868
2016,BOL,33941126200.0606,3076.65643989367,11031822,6.91,528.53374496317
2017,BOL,37508642165.3366,3351.12434384125,11192853,6.91,560.570289172999
2018,BOL,40287647930.4761,3548.59078021377,11353140,6.91,577.7028078123
2019,BOL,40895322843.7851,3552.06814321502,11513102,6.91,573.699307579663
2020,BOL,36572764862.8234,3133.09980321504,11673029,6.91,562.748196056208
1995,BRA,769333330368.987,4748.38820787605,162019889,0.917666666666667,29.0041275894835
1996,BRA,850426433004.077,5166.16393308148,164614682,1.0051,34.3572000827613
1997,BRA,883206452795.124,5282.04946994988,167209046,1.07799166666667,37.0126761201949
1998,BRA,863711007325.493,5087.07907232375,169785253,1.16051666666667,38.835314125287
1999,BRA,599642075004.471,3479.84383285395,172318674,1.81393284657213,41.9462173038277
2000,BRA,655448188259.351,3749.91084752888,174790339,1.82942312207561,44.2977495749808
2001,BRA,559983704094.17,3160.24934491441,177196051,2.34963170932244,47.9412812575805
2002,BRA,509795270685.19,2839.49150108966,179537523,2.92036301775519,52.6386218017659
2003,BRA,558233724164.711,3070.43641941942,181809244,3.07747511847801,60.0559413315095
2004,BRA,669289321944.516,3637.3138901512,184006479,2.92511944951586,64.7115143931957
2005,BRA,891633826603.377,4790.45656586131,186127108,2.43439003623188,69.520372469979
2006,BRA,1107626711406.63,5886.39152194816,188167353,2.17532666666667,74.2298730697129
2007,BRA,1397114247331.17,7348.18796290712,190130445,1.94705833333333,79.009562870245
2008,BRA,1695855391810.9,8831.18364277674,192030362,1.83376666666667,85.9454590023703
2009,BRA,1666996294372.87,8597.79433526264,193886505,1.99942817314426,92.2310653174322
2010,BRA,2208838108577.09,11286.071540212,195713637,1.75922671058718,100
2011,BRA,2616156606666.62,13245.387369564,197514541,1.67282875525659,108.31859221882
2012,BRA,2465228293894.01,12370.2232548476,199287292,1.95306861112487,116.922475500618
2013,BRA,2472819362216.69,12300.3867121004,201035904,2.15608915126311,125.69699812703
2014,BRA,2456043766028.73,12112.8349554875,202763744,2.35295196276669,135.560076726345
2015,BRA,1802211999538.68,8813.98980647828,204471759,3.32690438276879,145.816789379135
2016,BRA,1795693265810.23,8710.06328995352,206163056,3.49131342157271,157.633205076536
2017,BRA,2063514688761.98,9928.67589653405,207833825,3.19138944630048,163.420526154887
2018,BRA,1916933708381.89,9151.38173161536,209469320,3.65382536145755,170.763883602606
2019,BRA,1877824273720.78,8897.55296585529,211049519,3.9444710972507,178.073440381625
2020,BRA,1444733258971.65,6796.84454227877,212559409,5.15517878751281,186.630578666912
1995,CAN,604031623433.401,20613.7878829216,29302311,1.37244541833333,68.05195
1996,CAN,628546387972.131,21227.3475315896,29610218,1.36352163583333,69.23677
1997,CAN,654986999855.554,21901.5628548392,29905948,1.38459802833333,75.950509239708
1998,CAN,634000000000,21024.5850687045,30155173,1.48350530166667,76.6252639527011
1999,CAN,678412196271.118,22315.2466731545,30401286,1.48570481916667,78.9786826120477
2000,CAN,744773415931.587,24271.0020563821,30685730,1.485394095,82.6068303404524
2001,CAN,738981792355.372,23822.0601178964,31020902,1.548839955,84.2953353852098
2002,CAN,760649334098.005,24255.3385818322,31360079,1.57034283416667,85.0063528217406
2003,CAN,895540646634.787,28300.4630963791,31644028,1.4010145475,86.0739240843523
2004,CAN,1026690238278.25,32143.6814078562,31940655,1.301281595,88.1778923193541
2005,CAN,1173108598778.68,36382.5079164537,32243753,1.21140513416667,89.3799221554499
2006,CAN,1319264809590.97,40504.0607253203,32571174,1.13434472583333,90.3324469376896
2007,CAN,1468820407783.26,44659.8951408034,32889025,1.07404562166667,89.1063875114073
2008,CAN,1552989690721.65,46710.5055759013,33247118,1.06708691833333,92.6561530674102
2009,CAN,1374625142157.29,40876.3101540295,33628895,1.1415354059127,90.5143825782723
2010,CAN,1617343367486.26,47562.0834253057,34004889,1.03011273517598,93.0939940165404
2011,CAN,1793326630174.52,52223.696112356,34339328,0.989258158636364,96.1053603939855
2012,CAN,1828366481521.6,52669.0899632316,34714222,0.999364743593074,97.2700781173583
2013,CAN,1846597421834.98,52635.1749580433,35082954,1.03013736373016,98.960095143784
2014,CAN,1805749878439.94,50955.9983232404,35437435,1.10474713237886,100.884471864834
2015,CAN,1556508816217.14,43596.1355365546,35702908,1.27878620362554,100
2016,CAN,1527994741907.43,42315.6037056806,36109487,1.3256151637482,100.754030030255
2017,CAN,1649265644244.09,45129.4292980922,36545236,1.29793584646039,103.338367716501
2018,CAN,1725329192783.02,46548.6384108296,37065084,1.29581792813534,105.009777346705
2019,CAN,1742015045482.31,46328.6718408497,37601230,1.32679336266012,106.558879397894
2020,CAN,1645423407568.36,43258.2638715601,38037204,1.34115267222386,107.357730498937
1995,CHL,73447063319.3034,5107.27751262395,14380864,396.773333333333,46.6581210960518
1996,CHL,78039572221.6024,5349.80522678303,14587367,412.266666666667,48.2311351468104
1997,CHL,84952360922.4958,5745.37107556213,14786227,419.295,49.707794907132
1998,CHL,81577430181.4602,5446.57952186233,14977736,460.2875,50.2260173238529
1999,CHL,75173794497.0494,4957.77755686759,15162801,508.776666666667,51.3708905078489
2000,CHL,77860932151.9302,5074.90261608751,15342350,539.5875,53.5653723397717
2001,CHL,70979923960.3422,4574.59471550233,15516112,634.938333333333,55.6334784581859
2002,CHL,69736811435.1319,4446.24937096032,15684413,688.936666666667,57.5206066536185
2003,CHL,75643459839.5605,4772.56372299225,15849649,691.3975,60.154393290947
2004,CHL,99210392857.6283,6194.85272016887,16014972,609.529166666667,64.8762015909697
2005,CHL,122964812046.139,7598.52887745949,16182713,559.7675,69.8346174385814
2006,CHL,154788024805.865,9464.54850677338,16354507,530.275,78.3280483374656
2007,CHL,173605968179.267,10502.3507082138,16530201,522.464166666667,82.5092142929144
2008,CHL,179638496278.497,10751.4816046617,16708255,522.461035833333,82.46512215323
2009,CHL,172389498444.68,10208.9079714327,16886184,560.85989484127,86.3036797891612
2010,CHL,218537551220.123,12808.0383396885,17062531,510.249166666667,94.038469086698
2011,CHL,252251992029.518,14637.2334407932,17233584,483.6675,96.9657991029698
2012,CHL,267122320056.772,15351.5407387153,17400359,486.471303391053,98.0616686678612
2013,CHL,278384332694.3,15842.936483624,17571511,495.272877645503,99.9999999999957
2014,CHL,260541637327.855,14670.9889142695,17758969,570.34821612744,105.90634905696
2015,CHL,243919079437.422,13574.1692377524,17969356,654.124084254196,111.15246036924
2016,CHL,250440149690.846,13753.5921485096,18209072,676.957736044657,116.12088562846
2017,CHL,277034675515.684,14998.8170563218,18470435,648.833792598261,121.67413509625
2018,CHL,297571693064.193,15888.144355397,18729166,641.276813066395,124.5463545004
2019,CHL,279385487344.492,14741.7144039936,18952035,702.897422561529,126.97485558129
2020,CHL,252940023046.007,13231.7042069381,19116209,792.727206103168,137.58813737795
1995,COL,92507279383.0387,2539.91287721915,36421438,912.826415,20.5298320482685
1996,COL,97160109277.8087,2620.53876171399,37076387,1036.68641666667,23.9928818830753
1997,COL,106659508271.255,2827.37952669446,37723803,1140.96294166667,28.0332479067331
1998,COL,98443739941.1664,2566.02419382074,38364307,1426.03745833333,32.174612349534
1999,COL,86186158684.7685,2209.93165047196,38999468,1756.23084833333,36.2359946300396
2000,COL,99886577330.7271,2520.48108876016,39629965,2087.90384166667,48.4386000788798
2001,COL,98211749595.5442,2439.68245582205,40255956,2299.63315583333,51.5960451784034
2002,COL,97963003804.7851,2396.62712731836,40875363,2504.24133083333,54.6753954827638
2003,COL,94641378693.223,2281.40176243006,41483872,2877.65245833333,58.4091863551196
2004,COL,117081522349.677,2782.62318502156,42075953,2628.6129025,62.6631469100989
2005,COL,145619191582.062,3414.46515834715,42647731,2320.83417666667,65.6416491697632
2006,COL,161618581266.316,3741.09283661274,43200901,2361.1394075,69.4538935451875
2007,COL,206181826825.281,4714.07305530504,43737512,2078.29183666667,73.0669085713021
2008,COL,242186950900.775,5472.53652992426,44254972,1967.71130916667,78.6765349266073
2009,COL,232397835678.336,5193.24145795078,44750054,2158.25590299025,81.8741266960053
2010,COL,286563105192.457,6336.70947398467,45222699,1898.56963600842,84.9893228316446
2011,COL,334943871931.746,7335.16693447606,45662747,1848.13946995183,90.4174237688206
2012,COL,370921320483.842,8050.25537167051,46075721,1796.895912311,93.6875101031045
2013,COL,382116126448.555,8218.34784431478,46495492,1868.7853270908,95.4747646532673
2014,COL,381112119657.446,8114.34392085161,46967706,2001.781048176,97.6092294031775
2015,COL,293481748240.779,6175.8760297026,47520667,2741.88085479965,100
2016,COL,282825009887.458,5870.77795724165,48175048,3054.12167321081,105.148334305146
2017,COL,311883730690.129,6376.70671552601,48909844,2951.3274023476,110.546372091236
2018,COL,334198214706.209,6729.58333198168,49661056,2955.70396997842,115.665309926839
2019,COL,323429888934.257,6424.9794924083,50339443,3280.83163119763,120.304321059738
2020,COL,271437596293.843,5334.55604233917,50882884,3694.85407196453,121.996887857179
1995,CRI,11578594260.0813,3265.69338131157,3545524,179.729166666667,15.1197391984254
1996,CRI,11678424507.3634,3215.10568673196,3632361,207.689166666667,17.3990499869281
1997,CRI,12614602382.3564,3391.97773522121,3718952,232.5975,19.9532118952772
1998,CRI,13684255946.6922,3597.4345089865,3803893,257.229166666667,22.3352652263134
1999,CRI,14254866281.0572,3668.80206789503,3885428,285.684694833333,24.7987269057336
2000,CRI,15013629658.5671,3789.05388634101,3962369,308.186666666667,27.1272563267716
2001,CRI,15976174337.0471,3960.30770309298,4034074,328.870833333333,29.7642800697641
2002,CRI,16578820687.2209,4042.70568599475,4100922,359.81752688172,32.6772763128716
2003,CRI,17271760507.042,4147.82436896025,4164053,398.662222222222,36.1568301362737
2004,CRI,18610594846.3082,4404.71188432054,4225156,437.935,40.9838933026785
2005,CRI,20040642476.8988,4676.37936562394,4285504,477.786741487455,46.3172607173723
2006,CRI,22715540324.3149,5227.46595193306,4345421,511.301817940348,52.3312376585427
2007,CRI,26884700345.1044,6103.74191704459,4404626,516.617390232975,57.8348019068423
2008,CRI,30801744881.0236,6901.38830613085,4463123,526.23551344086,64.4417257855262
2009,CRI,30745712006.5238,6801.03673459666,4520739,573.287956733231,70.6934308530716
2010,CRI,37658614803.2919,8227.12749377141,4577371,525.829200716846,75.379588711964
2011,CRI,42762617081.6142,9229.83451669454,4633086,505.664239919355,78.8419429317042
2012,CRI,47231651862.8224,10075.0046155735,4688003,502.901461981567,82.5740311710474
2013,CRI,50949672205.8222,10744.0910189201,4742111,499.766832565284,86.3643539937074
2014,CRI,52016408950.8398,10847.1696672929,4795390,538.317200279058,91.7249207176098
2015,CRI,56441917653.0156,11642.7780517194,4847805,534.565769969278,95.3528389049434
2016,CRI,58847016044.8244,12011.2227544354,4899336,544.73936722902,97.2205767512189
2017,CRI,60516043590.1924,12225.5744931403,4949955,567.51309030978,100
2018,CRI,62420165099.7301,12485.423896168,4999443,576.97250124808,102.192478427835
2019,CRI,64072870931.603,12693.8279560372,5047561,587.294595686124,104.418862581937
2020,CRI,61846895120.7808,12140.8541545754,5094114,584.900854962304,104.632327670794
1995,DMA,274522222.222222,3860.8005375462,71105,2.7,88.5629622549078
1996,DMA,292285185.185185,4120.5811848531,70933,2.7,91.4544969927339
1997,DMA,302988888.888889,4292.113679863,70592,2.7,92.7758939405968
1998,DMA,322411111.111111,4593.86334455796,70183,2.7,95.1325064204142
1999,DMA,331759259.259259,4751.09210143867,69828,2.7,97.5454377157543
2000,DMA,333470370.37037,4787.80144106777,69650,2.7,95.8064653429526
2001,DMA,340203703.703704,4883.00302426696,69671,2.7,97.803402968547
2002,DMA,333196296.296296,4770.85189427687,69840,2.7,98.5766255396551
2003,DMA,343311111.111111,4897.30836653892,70102,2.7,95.5017514939213
2004,DMA,367200000,5216.87243383011,70387,2.7,99.1231841313324
2005,DMA,364255555.555556,5160.88914077013,70580,2.7,97.6876545785035
2006,DMA,390251851.851852,5518.42319991872,70718,2.7,100
2007,DMA,421374074.074074,5951.86341333777,70797,2.7,101.525048633792
2008,DMA,458188888.888889,6468.94476681711,70829,2.7,103.056430249413
2009,DMA,489074074.074074,6903.14580614942,70848,2.7,111.304978168883
2010,DMA,493825925.925926,6967.36495514661,70877,2.7,111.635520278643
2011,DMA,501025925.925926,7065.46037237599,70912,2.7,113.516938129883
2012,DMA,485996296.296296,6849.45593336945,70954,2.7,111.290254183382
2013,DMA,498296296.296296,7016.380071478,71019,2.7,115.259406483449
2014,DMA,520207407.407407,7317.48614321654,71091,2.7,115.203412073491
2015,DMA,540737037.037037,7597.28889409255,71175,2.7,123.061556486484
2016,DMA,576229629.62963,8080.96862341186,71307,2.7,127.870011177592
2017,DMA,519837037.037037,7274.517730717,71460,2.7,123.771814566266
2018,DMA,550622222.222222,7687.46296348005,71626,2.7,128.2615822621
2019,DMA,611537037.037037,8516.28003895161,71808,2.7,132.424650722615
2020,DMA,504214814.814815,7003.85902147233,71991,2.7,130.924583100921
1995,DOM,16637370839.1608,2127.74808893306,7819239,12.87,27.8702801346547
1996,DOM,18241691857.3544,2293.75438147613,7952766,12.8963492063492,28.8930460730574
1997,DOM,20017480054.834,2476.06040304923,8084407,14.0059210526316,31.6238240170616
1998,DOM,21672231760.6491,2638.31327013425,8214427,14.7031108444695,33.6808592937064
1999,DOM,22136621337.0889,2653.22512384672,8343288,15.834429906597,34.9722354430887
2000,DOM,24305717541.6371,2869.17813861021,8471317,16.1814576782866,37.4929512186947
2001,DOM,25601765400.5153,2977.43451003068,8598599,16.690961523126,39.7578024835995
2002,DOM,27137508656.8522,3110.32544702737,8724974,17.5930436887674,42.5093083352634
2003,DOM,21403167848.1444,2418.35042158878,8850317,29.3699996161352,56.7335778295682
2004,DOM,22322395368.0274,2487.32906105687,8974444,41.9303145729387,82.3580414920294
2005,DOM,35777570135.5225,3932.78440650852,9097262,30.2828081770082,87.1193672832795
2006,DOM,37879869897.8979,4109.03359145391,9218681,33.300035201723,92.9051777091256
2007,DOM,43965420072.4107,4707.79505245725,9338856,33.1718705755495,100
2008,DOM,48122547177.1881,5087.98321278434,9458079,34.5293609573506,110.391687513918
2009,DOM,48261033298.2133,5039.40312212985,9576736,35.97186554526,114.253350539809
2010,DOM,53860175555.9961,5555.39201393816,9695117,36.8212918670815,120.472632636412
2011,DOM,58029750745.6495,5913.42664885493,9813219,38.0875848668099,130.183636606288
2012,DOM,60681537195.7996,6110.36657603383,9930916,39.3203008432258,136.820634742368
2013,DOM,62682163837.347,6238.13236658362,10048226,41.7945034252297,143.241379680192
2014,DOM,67179914026.9623,6608.82550130065,10165182,43.5496726190476,149.431253574488
2015,DOM,71164825256.6849,6921.52059432776,10281675,45.0454990740741,153.125023776997
2016,DOM,75704720189.5607,7280.88361041225,10397738,46.0644439393939,156.177844399844
2017,DOM,79997975621.8654,7609.35327534023,10513111,47.5343581962482,162.708225793672
2018,DOM,85555378042.8196,8050.64407623416,10627147,49.5099928571429,169.41422853961
2019,DOM,88941299733.5018,8282.11713050921,10738957,51.2948583333333,173.692985902322
2020,DOM,78844702329.0785,7268.1969096591,10847904,56.5245333333333,181.897381073143
1995,ECU,24432884442.2211,2132.90678274384,11455205,2564.49416666667,68.3215605896208
1996,ECU,25226393196.5983,2155.51815039143,11703169,3189.47416666667,69.3396576140966
1997,ECU,28162053026.5133,2356.36985737498,11951457,3998.26666666667,74.1977140132887
1998,ECU,27981896948.4742,2293.88973536506,12198449,5446.5729,71.3910524921529
1999,ECU,19645272636.3182,1578.93429773989,12442109,11786.8016666667,52.6152108039664
2000,ECU,18327764882.4412,1445.27932442901,12681123,1,48.5564383146978
2001,ECU,24468324000,1894.61619585804,12914660,1,62.3533999061144
2002,ECU,28548945000,2172.1018772447,13143465,1,69.8889793956737
2003,ECU,32432858000,2425.85184175715,13369678,1,77.292379814506
2004,ECU,36591661000,2691.27768473838,13596390,1,80.5864617806487
2005,ECU,41507085000,3002.13860439139,13825839,1,86.8179799841951
2006,ECU,46802044000,3328.88415626323,14059379,1,93.7642091399483
2007,ECU,51007777000,3567.83718649963,14296554,1,100
2008,ECU,61762635000,4249.01896979445,14535740,1,113.847318899427
2009,ECU,62519686000,4231.61923466057,14774412,1,114.593630834947
2010,ECU,69555367000,4633.59128443099,15011114,1,123.148137016917
2011,ECU,79276664000,5200.55510783504,15243885,1,130.12159330682
2012,ECU,87924544000,5682.04610814497,15474099,1,136.608484020484
2013,ECU,95129659000,6056.33121253813,15707473,1,140.836583556647
2014,ECU,101726331000,6377.09392877257,15951832,1,145.104922216934
2015,ECU,99290381000,6124.49088707134,16212022,1,141.490328484162
2016,ECU,99937696000,6060.09296156791,16491116,1,144.180974753378
2017,ECU,104295862000,6213.50312736888,16785356,1,146.987310714795
2018,ECU,107562008000,6295.93466163992,17084359,1,149.660824062251
2019,ECU,108108009000,6222.52465327248,17373657,1,150.402318656309
2020,ECU,98808010000,5600.38961495341,17643060,1,149.012609833411
1995,SLV,8921947100,1585.10889560143,5628602,8.75458333333333,56.5610948396095
1996,SLV,9586327800,1684.78450487114,5689943,8.755,60.2837869450384
1997,SLV,10221705900,1778.8363374756,5746288,8.75625,62.3236747759283
1998,SLV,10936669900,1886.35996566952,5797764,8.755,64.9600255405084
1999,SLV,11284197000,1930.6274566566,5844834,8.755,65.6057965116279
2000,SLV,11784927700,2001.54004887966,5887930,8.755,67.752832585949207
2001,SLV,12282533600,2072.3015906358,5927001,1,69.997911893771
2002,SLV,12664190300,2124.10181983345,5962139,1,71.0553234584526
2003,SLV,13243892200,2209.4972451963,5994075,1,73.1625908739366
2004,SLV,13724810900,2278.4303299528,6023801,1,75.1509111317965
2005,SLV,14698000000,2428.56887928932,6052124,1,78.3559014820343
2006,SLV,15999890000,2631.82273894031,6079395,1,81.7446993307107
2007,SLV,17011750000,2786.15777431659,6105810,1,85.3275317249335
2008,SLV,17986890000,2933.3942401921,6131767,1,88.3399145425077
2009,SLV,17601620000,2858.48334388385,6157678,1,88.2906300160514
2010,SLV,18447920000,2983.2288061357,6183877,1,90.6264492041659
2011,SLV,20283780000,3266.01097774165,6210567,1,95.9815454502437
2012,SLV,21386150000,3428.40933246681,6237922,1,98.4266844624448
2013,SLV,21990960000,3509.52653622458,6266076,1,99.0004051681448
2014,SLV,22593470000,3589.04288461991,6295124,1,100.002080290355
2015,SLV,23438240000,3705.57970353453,6325121,1,101.310741301059
2016,SLV,24191430000,3805.99568574434,6356137,1,101.970283257461
2017,SLV,24979190000,3910.25440332717,6388124,1,102.977243682236
2018,SLV,26020850000,4052.62477533742,6420740,1,104.724312794301
2019,SLV,26896660000,4167.73093878563,6453550,1,105.730020834152
2020,SLV,24638720000,3798.63652082321,6486201,1,105.945648434813
1995,GRD,342172518.518519,3411.9669596805,100286,2.7,80.6683769566123
1996,GRD,366911444.444444,3632.67867731101,101003,2.7,82.8247108461597
1997,GRD,392190592.592593,3861.39782205433,101567,2.7,84.3028894418953
1998,GRD,445903592.592593,4370.61831736562,102023,2.7,85.7679666531122
1999,GRD,482009370.37037,4705.79006307169,102429,2.7,86.7298452494807
2000,GRD,520044370.37037,5056.97725886957,102837,2.7,89.2129465405263
2001,GRD,520444185.185185,5041.01223518709,103242,2.7,91.1258299704781
2002,GRD,540336925.925926,5213.79564944542,103636,2.7,91.4649517086573
2003,GRD,591018407.407407,5682.70537780071,104003,2.7,91.394457751984
2004,GRD,599118592.592593,5741.65365795136,104346,2.7,93.2508144644411
2005,GRD,695555555.555555,6645.98554869724,104658,2.7,95.5725190839695
2006,GRD,698700666.666667,6658.22358599046,104938,2.7,100
2007,GRD,758683592.592593,7212.98681909237,105183,2.7,102.31944372711
2008,GRD,825976037.037037,7832.34908101916,105457,2.7,110.349196412176
2009,GRD,771275555.555555,7290.83493771026,105787,2.7,110.338272064142
2010,GRD,771013259.259259,7258.16656084855,106227,2.7,110.867572700705
2011,GRD,778655925.925926,7291.74166956273,106786,2.7,111.116531475841
2012,GRD,799882259.259259,7444.08907474276,107452,2.7,115.479547540143
2013,GRD,842620111.111111,7789.63235505594,108172,2.7,118.854864769262
2014,GRD,911497407.407407,8370.04047206067,108900,2.7,119.773983968379
2015,GRD,997007925.925926,9096.53865246322,109603,2.7,123.080138391471
2016,GRD,1061640740.74074,9628.2591689029,110263,2.7,126.334555647621
2017,GRD,1125685185.18519,10152.8328118872,110874,2.7,128.262640159012
2018,GRD,1166523555.55556,10466.8822111958,111449,2.7,127.436813931564
2019,GRD,1212694407.40741,10827.4352905074,112002,2.7,131.513357084617
2020,GRD,1042100555.55556,9261.55187617696,112519,2.7,130.96529526487
1995,GUY,621626785.915493,816.5354249131,761298,141.989166666667,17.0650698627037
1996,GUY,705406001.424501,927.188583380544,760801,140.375,17.7358260436417
1997,GUY,749138009.56454,988.341316751264,757975,142.400833333333,17.9917990103435
1998,GUY,717530683.169567,951.91247710807,753778,150.519166666667,18.5261721400879
1999,GUY,694754988.258295,926.740336169619,749676,177.995,20.6030499555002
2000,GUY,712667896.727512,954.400318095334,746718,182.43,21.9599758343929
2001,GUY,712167575.624277,955.665380611907,745206,187.320833333333,22.0306807120593
2002,GUY,726131434.715338,974.949193282042,744789,190.665,22.6076095096169
2003,GUY,743064076.794567,997.211372858551,745142,193.878333333333,23.6743646502613
2004,GUY,787814379.183843,1056.42388561094,745737,198.3075,25.2783591621683
2005,GUY,824880550.343965,1105.50682477118,746156,199.875,27.2077119571977
2006,GUY,2379818382.99241,3188.67316016589,746335,200.188333333333,74.7824925985229
2007,GUY,2730971150.01134,3658.47996657813,746477,202.346666666667,80.9228908323034
2008,GUY,3025187923.58617,4050.78623700136,746815,203.633333333333,88.7850709742694
2009,GUY,3165663152.73351,4233.76614276173,747718,203.95,89.5797374920221
2010,GUY,3432913073.24154,4580.69876204788,749430,203.635833333333,93.4613775132993
2011,GUY,3691384317.52178,4908.56644826434,752029,204.0175,95.5831137645512
2012,GUY,4063089191.87525,5378.81087848265,755388,204.358333333333,100
2013,GUY,4167800259.20888,5489.14072551384,759281,205.394166666667,99.4632039058306
2014,GUY,4127659492.02031,5407.14736611728,763371,206.449166666667,97.3695486492385
2015,GUY,4279840193.7046,5576.82585151355,767433,206.5,100.29471510117
2016,GUY,4482697336.56174,5811.39792362577,771363,206.5,101.195087155437
2017,GUY,4748174334.14044,6124.95366998759,775218,206.5,103.32941653801
2018,GUY,4787636237.24043,6145.81927664377,779007,207.716666666667,100.34569535622
2019,GUY,5173760191.84652,6609.51127954588,782775,208.5,103.317329011879
2020,GUY,5471256594.72422,6955.93921717789,786559,208.5,76.1489526454214
1995,HTI,2813313278.81082,363.265544505251,7744509,15.1097333333333,9.89992022849686
1996,HTI,2907514522.92503,368.631863799103,7887312,15.70115,10.8875946835951
1997,HTI,3338938830.01743,415.770742131053,8030721,16.6545,12.2732579344514
1998,HTI,3723909226.86781,455.541896058048,8174680,16.7656666666667,14.0108343164286
1999,HTI,4153736347.44223,499.302968654216,8319070,16.9378916666667,14.9959924751879
2000,HTI,6813577558.17628,805.025632473004,8463802,21.1706666666667,28.6994299433131
2001,HTI,6331961555.40914,735.521117948839,8608810,24.4290833333333,32.5016250931548
2002,HTI,6058134466.75258,692.030162929914,8754148,29.2504833333333,34.970948110615
2003,HTI,4826827577.08641,542.333596073937,8900108,42.3667583333333,40.2239791654863
2004,HTI,6036959914.72398,667.282546430327,9047082,38.3520333333333,50.0078813989864
2005,HTI,7184064657.2953,781.276657785884,9195289,40.44855,56.7194431205756
2006,HTI,7518107786.51149,804.524511910761,9344784,40.4085166666667,62.0125083655109
2007,HTI,9522763153.81366,1002.88848691754,9495336,36.8614166666667,67.6891998529075
2008,HTI,10485225353.1801,1086.93819183192,9646570,39.1075916666667,74.2834092821231
2009,HTI,11597014807.3496,1183.60485420762,9798046,41.1976083333333,82.4881425429905
2010,HTI,11859315078.7902,1191.97266373335,9949318,39.7974,88.5871701838607
2011,HTI,13008754110.8113,1287.95465003201,10100320,40.5228219393744,92.4147831654364
2012,HTI,13708926466.2732,1337.33594561281,10250922,41.9497229523156,99.9999979999737
2013,HTI,14902474090.615,1432.83761766692,10400672,43.4627833333333,108.077146680343
2014,HTI,15139264670.4225,1435.13647023104,10549007,45.2159808923792,111.685654228371
2015,HTI,14833154471.7456,1386.85419078846,10695540,50.7064266739439,116.097718552194
2016,HTI,13987693738.923,1290.38050812318,10839976,63.3358183698924,133.6981294165
2017,HTI,15035560372.6443,1369.06373395137,10982367,64.7696802849928,152.423051169223
2018,HTI,16455034352.7671,1479.3458268885,11123183,68.0317539812812,163.517560035331
2019,HTI,14785839382.9002,1312.77063606676,11263079,88.8149661769193,192.215893785439
2020,HTI,14508218017.4032,1272.36799204205,11402533,93.5098072136213,231.775054185976
1995,HND,5347445005.21376,936.667654324264,5709010,9.470986667,56.5245196763354
1996,HND,5215028986.48649,887.69261230849,5874814,11.7053025,66.8083521648517
1997,HND,5737099650.19011,948.954770228598,6045704,13.00347417,78.0399085305163
1998,HND,6366340265.87888,1023.46073380734,6220405,13.385015,86.077234740296
1999,HND,6414520529.61672,1002.71692187708,6397140,14.21316833,92.5982112968056
2000,HND,7103826902.2067,1080.51047183846,6574510,14.840625,100
2001,HND,7565854723.75973,1120.5499603312,6751912,15.476825,108.084349380149
2002,HND,7775251509.62716,1122.08860037103,6929267,16.4370583333333,113.631173254932
2003,HND,8140278400.9927,1145.49794612385,7106323,17.3524916666667,120.176034264413
2004,HND,8772169959.31672,1204.47982560326,7282953,18.209725,127.929772588656
2005,HND,9672023050.30829,1296.69478359222,7458982,18.8323416666667,137.24199074285
2006,HND,10841724916.9457,1420.13439576879,7634295,18.8952083333333,144.582602960646
2007,HND,12275500115.7231,1572.06488754886,7808520,18.8951,154.161933683899
2008,HND,13789443623.162,1727.79368172882,7980955,18.9037583333333,166.171940154092
2009,HND,14486159608.067,1777.27280187503,8150780,18.8951,178.890295815975
2010,HND,15729649158.5883,1891.15858933835,8317467,18.8951,187.255283498866
2011,HND,17588098574.7369,2073.90437014256,8480670,18.9171416666667,201.874687798079
2012,HND,18400538859.3598,2129.52143871807,8640692,19.5022495121615,209.101372488429
2013,HND,18372173380.7373,2088.09720593332,8798524,20.3537791666667,211.974489161159
2014,HND,19618567249.5003,2190.6531391773,8955579,20.9871583333333,226.493378089383
2015,HND,20833948799.5352,2286.20303687333,9112904,21.945175,242.195643894361
2016,HND,21566622849.6057,2326.29727827042,9270794,22.835018390426,251.103764719226
2017,HND,22975415842.4648,2436.6716359867,9429016,23.4870839434552,262.435683328713
2018,HND,23900438563.7271,2492.86896769136,9587523,23.9027282925432,267.5458753463
2019,HND,24915522849.1544,2556.45689068459,9746115,24.5085389148926,278.586683314638
2020,HND,23662231633.9139,2389.012430771,9904608,24.5818805172846,291.496910270185
1995,JAM,6577523824.70029,2596.01012142309,2533705,35.1421166666667,29.3371820908439
1996,JAM,7393883554.77969,2889.78111919213,2558631,37.1195583333333,34.8737267288784
1997,JAM,8400033893.99653,3250.89530611178,2583914,35.4044666666667,38.2246382301587
1998,JAM,8787195622.43502,3368.19471635465,2608874,36.55,42.2669214160816
1999,JAM,8887061866.89206,3375.6749752788,2632677,39.0435166666667,45.1901274047538
2000,JAM,9005064474.93003,3392.12387809462,2654698,42.9857,49.9744424587711
2001,JAM,9194717835.99985,3437.65551653148,2674706,45.99625,53.8761317875935
2002,JAM,9719017925.92929,3609.20333117426,2692843,48.4159416666667,58.7701579385806
2003,JAM,9430230564.4699,3480.5116649541,2709438,57.74087375,65.6016334860953
2004,JAM,10174664853.9476,3733.7986713285,2725017,61.1972,74.0370848239623
2005,JAM,11243868485.7428,4103.6016371324,2740000,62.2807149440837,82.528208449911
2006,JAM,11930171468.3796,4331.29205282124,2754414,65.7438575396825,89.8304635574266
2007,JAM,12799593017.7101,4623.74789719712,2768229,69.1921618494152,100
2008,JAM,13709402085.3206,4928.12640901515,2781869,72.7562034061521,113.54680952549
2009,JAM,12120460872.8003,4335.17841077413,2795839,87.8941198106535,126.782399032694
2010,JAM,13220556882.7046,4704.04775962425,2810464,87.1961463300915,139.220050529692
2011,JAM,14444655299.8772,5111.46598710697,2825932,85.8934632022765,147.289507049276
2012,JAM,14807086889.2099,5209.85926362567,2842128,88.7498023876452,156.969231485917
2013,JAM,14264202737.3082,4989.73408891012,2858710,100.39788320358,170.179472645365
2014,JAM,13899228824.2161,4834.28400949801,2875137,110.934527811188,181.972936036425
2015,JAM,14188935947.5694,4907.927415189,2891024,116.969776646049,194.083851185896
2016,JAM,14077109396.8584,4843.74989999401,2906242,125.095034603174,203.13625425946
2017,JAM,14808989993.3185,5070.0995030616,2920848,127.964544179198,216.441205293203
2018,JAM,15730793852.7913,5359.99378939638,2934853,128.87151906466,227.24863662095
2019,JAM,15830768549.8916,5369.4983713849,2948277,133.31211833796,234.48083151398
2020,JAM,13812425036.5864,4664.53024222133,2961161,142.402832756013,242.818476360133
1995,MEX,360073909243.855,3928.22371141004,91663290,6.419425,23.1221673569205
1996,MEX,410975595310.156,4412.11629751815,93147045,7.59944841666667,29.2600651535871
1997,MEX,500413483109.175,5289.16765276589,94611008,7.91846,34.7448261210108
1998,MEX,526502129378.284,5481.18195394699,96056313,9.13604175,40.105843444767
1999,MEX,600232874042.927,6157.19304371027,97484823,9.5603975,46.564014842208
2000,MEX,707906744574.644,7157.81449985734,98899845,9.45555833333333,51.7569297530798
2001,MEX,756706300589.791,7544.56872335784,100298152,9.34234166666667,54.8838195478168
2002,MEX,772106378935.377,7593.1373448964,101684764,9.65595833333333,57.9042769420208
2003,MEX,729336319677.449,7075.36964299974,103081020,10.7890191666667,60.2432944818778
2004,MEX,782240601984.76,7484.486398707,104514934,11.2859666666667,65.0396914716119
2005,MEX,877476221382.101,8277.67156384567,106005199,10.8978916666667,68.860071834636
2006,MEX,975387131716.089,9068.29421839425,107560155,10.8992416666667,73.2596949747432
2007,MEX,1052696282278.87,9642.68051672231,109170503,10.9281916666667,77.5007436180887
2008,MEX,1109989063586.62,10016.5712139986,110815272,11.1297166666667,82.284486372852
2009,MEX,900045350649.351,8002.97217765844,112463886,13.513475,85.5328005097517
2010,MEX,1057801295584.05,9271.39839576997,114092961,12.6360083333333,89.4203957362139
2011,MEX,1180489601957.61,10203.4212952716,115695468,12.423325,94.6451160693536
2012,MEX,1201089987015.45,10241.727828043,117274156,13.1694583333333,98.4933173679802
2013,MEX,1274443084716.57,10725.1835873796,118827158,12.7719916666667,100
2014,MEX,1315351183524.54,10928.9160089988,120355137,13.29245,104.439719162843
2015,MEX,1171867608197.72,9616.64555810607,121858251,15.8482666666667,107.400675247384
2016,MEX,1078490651625.31,8744.51555912786,123333379,18.6640583333333,113.420781145706
2017,MEX,1158913035796.37,9287.84958732302,124777326,18.9265166666667,121.034385214522
2018,MEX,1222408203104.3,9686.98492655586,126190782,19.2443416666667,127.021243506822
2019,MEX,1269433932805.91,9950.45008048459,127575529,19.2636333333333,132.273602099019
2020,MEX,1073915880822.5,8329.27131263927,128932753,21.4856083333333,136.118398692311
1995,NIC,4140470000,890.005449052435,4652185,7.54559166666667,40.7774660534269
1996,NIC,4308351902.78601,908.63384789261,4741571,8.4355,44.6948809174592
1997,NIC,4389965590.96538,909.33649213871,4827658,9.44808333333333,49.0651433301943
1998,NIC,4635267224.84195,943.922856694084,4910642,10.5819166666667,55.948240954374
1999,NIC,4855717874.68247,972.886793493075,4991041,11.80925,61.1101558132379
2000,NIC,5107329007.0922,1007.499838655,5069310,12.6843916666667,66.3449913112145
2001,NIC,5323146565.70315,1034.55138685018,5145367,13.3719416666667,71.1493700535348
2002,NIC,5224213017.54386,1000.93671470556,5219324,14.25132525,73.4605710670009
2003,NIC,5322454925.84746,1005.73304356528,5292115,15.1046433333333,77.3768108203141
2004,NIC,5795568204.64532,1080.26911900907,5364930,15.9372473164627,84.3801104517434
2005,NIC,6321335612.22233,1162.28968513428,5438692,16.7333295340502,92.7059753931103
2006,NIC,6763418645.81377,1226.64430910063,5513757,17.5699984318996,100
2007,NIC,7423421958.4248,1327.96678222132,5590066,18.4485061597542,109.673983551025
2008,NIC,8496946608.23151,1499.2576198887,5667436,19.3718964065011,127.44038401982
2009,NIC,8298679908.55232,1444.36951048837,5745538,20.339481870199705,135.133339204368
2010,NIC,8758592272.10579,1503.8641909311,5824058,21.3564486834358,143.427186848239
2011,NIC,9774262741.75783,1655.80294573178,5903035,22.4242706163594,158.077660940182
2012,NIC,10532006608.1447,1760.46030828841,5982530,23.5466635310839,167.948205687351
2013,NIC,10982979274.1922,1811.63680270363,6062462,24.7227641666667,175.253007693499
2014,NIC,11880434070.7811,1934.06292227225,6142734,25.9589003667435,189.960640833749
2015,NIC,12756706583.3113,2049.8516660809,6223234,27.2568449404762,204.376039640042
2016,NIC,13286083644.8761,2107.5740596602,6303970,28.6209624101587,213.757068816261
2017,NIC,13785876629.3189,2159.15671369193,6384843,30.0509413442878,222.568565825879
2018,NIC,13025239912.2751,2014.57518879047,6465502,31.5532123338754,228.486607291771
2019,NIC,12611218627.0632,1926.69969398276,6545503,33.121745265284,241.080085880506
2020,NIC,12621505382.6062,1905.26115155921,6624554,34.3421221197024,255.21320317008
1995,PAN,9573813700,3494.51728987501,2739667,1,85.7510154962015
1996,PAN,9870494000,3529.85222210421,2796291,1,84.9429116248178
1997,PAN,10677286100,3741.28732996555,2853907,1,86.3095062616609
1998,PAN,11575486400,3974.66430520293,2912318,1,87.1704601807461
1999,PAN,12130252200,4082.61458260762,2971197,1,87.9047728625216
2000,PAN,12304115000,4060.31779345702,3030333,1,86.8075611331808
2001,PAN,12502013400,4046.42914824085,3089641,1,87.7001290141732
2002,PAN,12994310400,4126.23238637176,3149195,1,89.1658926251598
2003,PAN,13693981200,4267.29268669665,3209056,1,90.174683628925
2004,PAN,15013381700,4592.15261354224,3269356,1,91.9466203084079
2005,PAN,16374393900,4916.90761156463,3330222,1,93.5541426519291
2006,PAN,18141666300,5348.88425269771,3391673,1,95.3971450625091
2007,PAN,21295984230.2564,6166.18787089344,3453671,1,100
2008,PAN,25155888616.322,7154.27450066094,3516204,1,107.527495412206
2009,PAN,27116635565.1742,7576.14045682481,3579215,1,114.485556034445
2010,PAN,29440287581.2675,8082.01617465426,3642691,1,117.450908614737
2011,PAN,34686224301.1773,9358.26813025982,3706479,1,124.31485567445
2012,PAN,40429734384.2184,10722.2614716668,3770635,1,131.992210469064
2013,PAN,45599994004.8873,11889.0950663345,3835447,1,139.258121396543
2014,PAN,49921464365.3204,12796.0740287868,3901311,1,145.103647668057
2015,PAN,54091713775.5634,13630.3011411301,3968490,1,148.700514998293
2016,PAN,57907695408.9392,14343.9802572159,4037073,1,151.677567752295
2017,PAN,62202725204.4646,15146.4085115348,4106764,1,154.300109294635
2018,PAN,64929409212.4566,15544.9990788449,4176868,1,155.33914068051
2019,PAN,66984427150.321,15774.2549406847,4246440,1,155.618637007155
2020,PAN,53977036995.1729,12509.8352901414,4314768,1,152.823812815893
1995,PRY,9062131475.02318,1897.09834727976,4776838,1963.01916666667,17.057477102625
1996,PRY,9788391780.52421,2002.68345988885,4887638,2056.81166666667,19.0056880202813
1997,PRY,9965225678.05093,1993.80437631669,4998096,2177.8625,19.6539699937672
1998,PRY,9260481572.42462,1812.99366707348,5107840,2726.49,22.8494257076468
1999,PRY,8837070235.51892,1694.11121032211,5216346,3119.07333333333,25.2897736002886
2000,PRY,8855705139.55857,1663.60493919986,5323202,3486.35333333333,28.9983938263546
2001,PRY,8495806432.18467,1565.0542885389,5428442,4105.925,33.0394953572254
2002,PRY,7196260656.84556,1300.85236671095,5531958,5716.25833333333,38.9698813199152
2003,PRY,7691367471.17992,1365.41641811806,5632983,6424.33916666667,44.8716066630934
2004,PRY,9624440836.29309,1679.49511989641,5730556,5974.5775,50.1821636556738
2005,PRY,10737500188.1123,1843.634107636,5824095,6177.9349469697,56.6821710526132
2006,PRY,13429430050.261,2271.08888540796,5913212,5635.09393939394,61.7018492656248
2007,PRY,17856270473.153,2976.82401447595,5998430,5032.71157647908,69.4981899114748
2008,PRY,24616537618.2325,4047.90979064865,6081296,4363.29160824492,77.9941733959456
2009,PRY,22355601273.3545,3626.81863691006,6163970,4966.68229650212,80.8393734801474
2010,PRY,27237782849.6908,4359.42841539817,6248017,4758.43012878788,84.6030133088697
2011,PRY,33756238766.5,5329.38743682686,6333981,4193.8023075919,88.9141379741561
2012,PRY,33296438306.4747,5185.14154871279,6421510,4421.65928640414,93.1804836092811
2013,PRY,38651334287.6732,5936.97595902248,6510273,4303.88256599819,97.2223511721534
2014,PRY,40377987208.689,6118.31811031962,6599524,4462.18528829093,100.00000004973
2015,PRY,36211372702.8085,5413.77602061858,6688746,5204.92080811087,101.603888060907
2016,PRY,36089550659.0914,5324.60906777777,6777878,5670.54089799784,105.804959337813
2017,PRY,38997129473.5558,5678.8699722,6867058,5618.9334516428,108.089509850963
2018,PRY,40225448340.6322,5782.78454981286,6956069,5732.10455572912,110.208332520547
2019,PRY,37906944074.6128,5380.9633218413,7044639,6240.72207844257,113.527689769539
2020,PRY,35670301496.1061,5001.07276045191,7132530,6771.09742519651,116.567580553174
1995,PER,53312793687.3836,2194.01724731413,24299168,2.25333333333333,61.5042754275428
1996,PER,55252414130.3019,2232.07581576996,24753825,2.45333333333333,67.4626509260779
1997,PER,58147522522.5225,2306.4385268089,25210957,2.66416666666667,72.3760442558917
1998,PER,55501467877.381,2163.11935688776,25658070,2.93,76.2634269900089
1999,PER,50187324567.883,1924.48641937224,26078295,3.38333333333333,78.5014118875851
2000,PER,51744749133.213,1955.58800627896,26459944,3.49,81.2683668831315
2001,PER,52030158775.4055,1941.47534195424,26799289,3.50683333333333,81.6383397441632
2002,PER,54777553515.0809,2021.24003836472,27100964,3.5165,81.7273394324202
2003,PER,58731030121.8671,2145.64388854096,27372217,3.478467,83.2014756120899
2004,PER,66768703497.5687,2417.03436315532,27624226,3.413175,88.4257283624937
2005,PER,76060606060.6061,2729.49917213529,27866140,3.29584166666667,91.5239204149344
2006,PER,88643193061.748,3154.3313491397,28102055,3.27403250265816,98.5312188134339
2007,PER,102170981144.136,3606.07068932344,28333050,3.12804457735247,100
2008,PER,120550599815.441,4220.61637832028,28562321,2.92440833333333,101.103276292029
2009,PER,120822986521.479,4196.31162707942,28792663,3.01150833333333,103.189742920897
2010,PER,147528937028.778,5082.35370614454,29027680,2.825125,109.082629076034
2011,PER,171761737046.585,5869.32388186462,29264314,2.7541,116.441111023591
2012,PER,192648999090.082,6528.9717753128,29506790,2.63758641774892,117.841414288994
2013,PER,201175469114.327,6756.75299620034,29773986,2.70189902597403,119.087274201146
2014,PER,200789362451.567,6672.8773725884,30090372,2.8390441378066398,121.984001985842
2015,PER,189805300841.603,6229.10067398112,30470739,3.18443924152237,125.266007054835
2016,PER,191895943823.887,6204.9964574796,30926036,3.37506158720665,129.125305783114
2017,PER,211007207483.515,6710.50760214164,31444299,3.2604884908321,133.79403556878
2018,PER,222574697255.522,6957.79341149359,31989265,3.28660269803296,136.827495908347
2019,PER,228470919605.669,7027.61220697723,32510462,3.3372655465368,139.543344899782
2020,PER,202014363787.233,6126.87453978867,32971846,3.4949411976912,145.424210591361
1995,LCA,762962962.962963,5194.78292489983,146871,2.7,56.3010587058792
1996,LCA,788888888.888889,5300.35467584599,148837,2.7,56.5611520587888
1997,LCA,805925925.925926,5340.08697274003,150920,2.7,58.1865508953964
1998,LCA,877407407.407407,5733.82698945523,153023,2.7,59.6006224931542
1999,LCA,921851851.851852,5947.8917842146,154988,2.7,60.9908262348082
2000,LCA,932592592.592592,5950.04748459261,156737,2.7,61.6713826415386
2001,LCA,892592592.592592,5642.7489037614,158184,2.7,61.1088528445829
2002,LCA,900000000,5646.45653483236,159392,2.7,61.3604443809236
2003,LCA,987407407.407407,6150.92136926062,160530,2.7,64.5662314153514
2004,LCA,1066666666.66667,6591.64550130494,161821,2.7,65.0234473873951
2005,LCA,1135555555.55556,6949.20417333029,163408,2.7,69.5080732742955
2006,LCA,1268319185.18519,7669.21346965851,165378,2.7,73.1055425037206
2007,LCA,1336088814.81481,7969.79799345527,167644,2.7,75.7306894907834
2008,LCA,1437731111.11111,8456.69463217739,170011,2.7,77.6487763439825
2009,LCA,1401507888.88889,8137.75099080198,172223,2.7,77.8960384147039
2010,LCA,1486758037.03704,8540.07097992462,174092,2.7,81.3298369730757
2011,LCA,1576988407.40741,8983.74373302309,175538,2.7,81.7812870846982
2012,LCA,1605146777.77778,9086.38795485966,176654,2.7,83.4082492308898
2013,LCA,1664816740.74074,9378.98504684792,177505,2.7,89.3450283554356
2014,LCA,1755130814.81481,9843.30853424047,178307,2.7,92.5639850055372
2015,LCA,1808079888.88889,10093.6180163617,179131,2.7,96.671673769854
2016,LCA,1865513444.44444,10362.3516588778,180028,2.7,96.2334684669985
2017,LCA,1996771444.44444,11034.6298496557,180955,2.7,99.5195512429849
2018,LCA,2065127259.25926,11353.7152084186,181890,2.7,100
2019,LCA,2118791555.55556,11591.0804756999,182795,2.7,102.66424242781
2020,LCA,1616772740.74074,8804.5610483134,183629,2.7,98.3836879774367
1995,VCT,316007407.407407,2924.82999738444,108043,2.7,78.8849852071006
1996,VCT,331488888.888889,3069.82477694534,107983,2.7,81.6974432466477
1997,VCT,347770370.37037,3223.22971750656,107895,2.7,82.8075807148589
1998,VCT,373618518.518519,3465.62392533433,107807,2.7,85.4665299794122
1999,VCT,390718518.518519,3625.72050257063,107763,2.7,87.0197145920977
2000,VCT,396262962.962963,3676.35209220929,107787,2.7,86.8313625554915
2001,VCT,430040740.740741,3985.80761254892,107893,2.7,92.6486546870512
2002,VCT,461885185.185185,4272.9560588851,108095,2.7,93.5930534500098
2003,VCT,481807407.407407,4447.91831213795,108322,2.7,90.6587126808463
2004,VCT,521974074.074074,4809.93433536743,108520,2.7,94.2973182742747
2005,VCT,550729629.62963,5070.38152066094,108617,2.7,97.0765464338175
2006,VCT,610929629.62963,5625.39943674729,108602,2.7,100
2007,VCT,684444444.444444,6307.31361683479,108516,2.7,108.409350893145
2008,VCT,695429629.62963,6415.34330522439,108401,2.7,108.431216289572
2009,VCT,674922222.222222,6232.3716419549,108293,2.7,107.490075561402
2010,VCT,681225925.925926,6292.49885392505,108260,2.7,112.255721696674
2011,VCT,676129629.62963,6242.25296246715,108315,2.7,111.88710468252
2012,VCT,692933333.333333,6390.31063156115,108435,2.7,113.108034580739
2013,VCT,721207407.407407,6639.48489659198,108624,2.7,115.598693974473
2014,VCT,727714814.814815,6684.37754725737,108868,2.7,115.246055487125
2015,VCT,755400000,6921.70247858157,109135,2.7,118.058578374624
2016,VCT,774429629.62963,7074.5487647385,109467,2.7,118.777550556692
2017,VCT,792177777.777778,7213.02585706279,109826,2.7,120.29696287964
2018,VCT,811300000,7361.4009618002,110210,2.7,120.596234309623
2019,VCT,825040740.740741,7460.15336179271,110593,2.7,121.987295328843
2020,VCT,807474074.074074,7278.01629673695,110947,2.7,123.404086715345
1995,SUR,691590497.737557,1565.21202336887,441851,0.442771989138674,3.36751011898327
1996,SUR,861411471.321696,1921.90543949937,448207,0.401018353709048,3.76765620515065
1997,SUR,926422500,2039.83684343796,454165,0.401566152294698,3.82393367716531
1998,SUR,1110850000,2415.742065684,459838,0.401606425702811,4.48209477579747
1999,SUR,886290697.674419,1904.44517958318,465380,0.834084264222251,7.79764311502773
2000,SUR,947671969.69697,2012.28165067815,470944,1.32249051547874,12.5341515442305
2001,SUR,834279357.798165,1750.57673687227,476574,2.17818225423409,17.4889302567833
2002,SUR,1093574468.08511,2267.75398376931,482228,2.34675,24.0391086804745
2003,SUR,1274190311.41869,2611.37749349033,487938,2.60133333333333,29.1637606323282
2004,SUR,1484092538.40527,3006.18323287406,493680,2.7335829756752,32.90778317995
2005,SUR,1793388732.29125,3590.64818332412,499461,2.73166666547869,38.0215907997653
2006,SUR,2626380435.17877,5197.74790651499,505292,2.74375,52.8637463713946
2007,SUR,2936612021.85792,5744.75972670722,511181,2.745,56.2603484650546
2008,SUR,3532969034.60838,6831.98362206284,517122,2.745,64.9925977264533
2009,SUR,3875409836.06557,7408.36078641818,523113,2.745,69.2064735519375
2010,SUR,4368398047.64333,8255.87487222955,529126,2.74541666666667,74.1869549245246
2011,SUR,4422276621.78703,8263.20380320348,535177,3.268,84.4577284656797
2012,SUR,4980000000,9200.97478600343,541247,3.3,93.5244350427556
2013,SUR,5145757575.75758,9402.1644191114,547295,3.3,93.8833501834255
2014,SUR,5240606060.60606,9471.92200052426,553278,3.3,95.370168743931
2015,SUR,5126291450.81511,9168.23715664009,559136,3.41666666666667,100
2016,SUR,3317438910.83068,5872.78942866166,564883,6.22863027848979,124.072294944158
2017,SUR,3591623596.03082,6295.56056173578,570501,7.487661125,158.989062961868
2018,SUR,3996247906.19765,6938.08698147294,575987,7.4625111984127,167.992338891393
2019,SUR,3984483762.37123,6853.69341077988,581363,7.458,175.422076112999
2020,SUR,2884248048.49068,4916.60566637918,586634,9.30954545454546,254.128014842301
1995,TTO,5329214163.22001,4249.09437348112,1254200,5.94779583333333,49.6588094761851
1996,TTO,5759537726.26601,4579.97810520482,1257547,6.00506583333333,50.5772706109119
1997,TTO,5737751331.63779,4554.35645824129,1259838,6.25167833333333,48.7850308174479
1998,TTO,6043694330.21609,4790.1237380834,1261699,6.2983075,47.8793445849663
1999,TTO,6808982520.75759,5387.16438588431,1263927,6.2989,49.9396798330798
2000,TTO,8154338232.95978,6435.13421201268,1267159,6.29979666666667,55.9539919151886
2001,TTO,8824873259.32105,6939.82847117988,1271627,6.23321666666667,57.5173171488715
2002,TTO,9008273720.93395,7053.08737085832,1277210,6.24868333333333,54.530710372775
2003,TTO,11305459802.0683,8807.86606828197,1283564,6.2951,60.2447443564822
2004,TTO,13280275123.0354,10293.8692465675,1290115,6.29899166666667,65.5970228177818
2005,TTO,15982282462.3786,12327.2807128582,1296497,6.29955833333333,74.3354814844712
2006,TTO,18369361094.3886,14102.5932894722,1302552,6.31228333333333,75.6209000403128
2007,TTO,21641620049.9352,16539.8907485461,1308450,6.32803333333333,85.263963999593
2008,TTO,27871587349.5413,21204.0081810259,1314449,6.28943333333333,105.550410542348
2009,TTO,19172165225.5015,14514.2406135579,1320921,6.32490833333333,76.384940593441
2010,TTO,22157948396.2042,16683.3930629542,1328144,6.37550833333333,86.1112918286554
2011,TTO,25433011405.3017,19034.1207062684,1336180,6.40930070568578,99.6563424993
2012,TTO,25763220107.0051,19157.4597728795,1344814,6.42960265594542,100
2013,TTO,27268478564.5547,20143.5454060659,1353708,6.44262939764659,103.744133091138
2014,TTO,27615843098.0949,20270.933769027,1362337,6.40909457829793,105.481950221193
2015,TTO,24959858249.4433,18214.460619356,1370332,6.37744166666667,93.4785417302859
2016,TTO,22386264807.3174,16250.6286879928,1377563,6.66896666666667,92.8762947525584
2017,TTO,22385426653.883,16173.7400502023,1384060,6.779525,97.3188921593146
2018,TTO,23679919654.9891,17037.8623561897,1389841,6.77075089824606,102.746625994899
2019,TTO,23208326547.5327,16637.1629387697,1394969,6.7543266828632,101.722896022738
2020,TTO,21588037504.9992,15425.6351094785,1399491,6.75105268711505,102.637361089593
1995,USA,7639749000000,28690.8757013347,266278000,1,68.6479967248913
1996,USA,8073122000000,29967.7127181749,269394000,1,69.9049194860709
1997,USA,8577554457000,31459.1389804773,272657000,1,71.1549355882905
1998,USA,9062818202000,32853.6769523009,275854000,1,71.9557989013793
1999,USA,9630664202000,34513.5615037271,279040000,1,72.9946992625387
2000,USA,10252345464000,36334.9087770589,282162411,1,74.6264770821792
2001,USA,10581821399000,37133.2428088526,284968955,1,76.263353144578
2002,USA,10936419054000,38023.1611144021,287625193,1,77.4696586516872
2003,USA,11458243878000,39496.4858751381,290107933,1,78.90834396525
2004,USA,12213729147000,41712.8010675545,292805298,1,81.0327239701695
2005,USA,13036640230000,44114.7477810544,295516599,1,83.5568466047029
2006,USA,13814611414000,46298.7314440927,298379912,1,86.0854477748059
2007,USA,14451858656000,47975.9676958038,301231207,1,88.3979430021246
2008,USA,14712844084000,48382.5584490552,304093966,1,90.1173994165646
2009,USA,14448933025000,47099.9804711343,306771529,1,90.8044094005845
2010,USA,14992052727000,48466.6576026922,309327143,1,91.8625082747818
2011,USA,15542581104000,49882.5581321495,311583481,1,93.7814276803947
2012,USA,16197007349000,51602.9310457907,313877662,1,95.5800138596351
2013,USA,16784849196000,53106.5367672165,316059947,1,97.2573626101741
2014,USA,17527163695000,55049.9883272312,318386329,1,99.0564560211266
2015,USA,18238300569000,56863.3714957652,320738994,1,100
2016,USA,18745075687000,58021.4004997125,323071755,1,101.04924737000201
2017,USA,19542979183000,60109.6557260477,325122128,1,102.949041805158
2018,USA,20611860934000,63064.4184096731,326838199,1,105.420828856063
2019,USA,21433224697000,65279.5290260953,328329953,1,107.302750403165
2020,USA,20953030000000,63206.5210767941,331501080,1,108.595964970919
1995,URY,19297663096.5506,5985.1169942237,3224275,6.349,13.2302985628656
1996,URY,20515543039.2132,6317.56187650586,3247383,7.97183333333333,16.7272963864438
1997,URY,23969823010.4429,7329.8669392864,3270158,9.44183333333333,21.3248215815008
1998,URY,25385928188.7719,7713.61876845248,3291053,10.4719166666667,23.9656673253685
1999,URY,23983945190.6202,7250.27477002611,3308005,11.3393,25.0024451517581
2000,URY,22823255801.8447,6875.02546946372,3319734,12.0995916666667,25.8873588170156
2001,URY,20898788416.6348,6284.45968003773,3325471,13.3191166666667,27.1368428206727
2002,URY,13606494599.4261,4090.8918876726498,3326046,21.2569666666667,30.5605019788748
2003,URY,12045631092.5353,3624.2056853979,3323661,28.2086833333333,35.615708717612
2004,URY,13686329890.1191,4120.54420525002,3321486,28.7037333333333,39.2146960350675
2005,URY,17362857683.8545,5226.94409982496,3321799,24.4786,39.4805200545878
2006,URY,19579457966.0538,5887.84516224163,3325403,24.0733583333333,42.0599145433518
2007,URY,23410572634.3147,7026.50305539297,3331753,23.471025,46.0208958420879
2008,URY,30366213119.2928,9091.0790391692,3340221,20.9493166666667,49.7133991737876
2009,URY,31660911277.0294,9451.93244869934,3349676,22.5679833333333,53.5649656991602
2010,URY,40284481651.9021,11992.0237658273,3359273,20.059275,56.1934120985104
2011,URY,47962439303.7247,14236.7149957359,3368926,19.3142083333333,61.2562562016692
2012,URY,51264390116.4909,15171.5801734227,3378975,20.310575,66.4982919955377
2013,URY,57531233350.9101,16973.6892364718,3389436,20.4816083333333,71.920383057445
2014,URY,57236013086.1223,16831.9481943721,3400439,23.246025,78.6609385548989
2015,URY,53274304222.136,15613.7459681824,3412013,27.3273666666667,85.7532295161453
2016,URY,57236652490.1699,16715.6334746253,3424139,30.1626,100
2017,URY,64233966861.2518,18690.8938401411,3436645,28.6764,104.986641921653
2018,URY,64515038268.1373,18703.8602924478,3449290,30.7252583333333,112.44267846003
2019,URY,61231149880.5857,17688.01500769,3461731,35.255375,122.026130756142
2020,URY,53628827440.3582,15438.4116657291,3473727,42.0132916666667,135.288157624529
