year,reporter_iso,partner_iso,dist,distw,distcap,distwces,cont,lang,ccol,crel,rta
1995,GTM,ARG,6446.824,6217.216,6446.824,6189.426,0,1,0,0.862,0
1996,GTM,ARG,6446.824,6217.216,6446.824,6189.426,0,1,0,0.862,0
1997,GTM,ARG,6446.824,6217.216,6446.824,6189.426,0,1,0,0.862,0
1998,GTM,ARG,6446.824,6217.216,6446.824,6189.426,0,1,0,0.862,0
1999,GTM,ARG,6446.824,6217.216,6446.824,6189.426,0,1,0,0.862,0
2000,GTM,ARG,6446.824,6217.216,6446.824,6189.426,0,1,0,0.862,0
2001,GTM,ARG,6446.824,6217.216,6446.824,6189.426,0,1,0,0.862,0
2002,GTM,ARG,6446.824,6217.216,6446.824,6189.426,0,1,0,0.862,0
2003,GTM,ARG,6446.824,6217.216,6446.824,6189.426,0,1,0,0.862,0
2004,GTM,ARG,6446.824,6217.216,6446.824,6189.426,0,1,0,0.862,0
2005,GTM,ARG,6446.824,6217.216,6446.824,6189.426,0,1,0,0.862,0
2006,GTM,ARG,6446.824,6217.216,6446.824,6189.426,0,1,0,0.862,0
2007,GTM,ARG,6446.824,6217.216,6446.824,6189.426,0,1,0,0.862,0
2008,GTM,ARG,6446.824,6217.216,6446.824,6189.426,0,1,0,0.862,0
2009,GTM,ARG,6446.824,6217.216,6446.824,6189.426,0,1,0,0.862,0
2010,GTM,ARG,6446.824,6217.216,6446.824,6189.426,0,1,0,0.862,0
2011,GTM,ARG,6446.824,6217.216,6446.824,6189.426,0,1,0,0.862,0
2012,GTM,ARG,6446.824,6217.216,6446.824,6189.426,0,1,0,0.862,0
2013,GTM,ARG,6446.824,6217.216,6446.824,6189.426,0,1,0,0.862,0
2014,GTM,ARG,6446.824,6217.216,6446.824,6189.426,0,1,0,0.862,0
2015,GTM,ARG,6446.824,6217.216,6446.824,6189.426,0,1,0,0.862,0
2016,GTM,ARG,6446.824,6217.216,6446.824,6189.426,0,1,0,0.862,0
2017,GTM,ARG,6446.824,6217.216,6446.824,6189.426,0,1,0,0.862,0
2018,GTM,ARG,6446.824,6217.216,6446.824,6189.426,0,1,0,0.862,0
2019,GTM,ARG,6446.824,6217.216,6446.824,6189.426,0,1,0,0.862,0
2020,GTM,ARG,6446.824,6217.216,6446.824,6189.426,0,1,0,0.862,0
1995,GTM,ATG,3080.378,3091.933,3080.378,3090.714,0,0,0,0.117,0
1996,GTM,ATG,3080.378,3091.933,3080.378,3090.714,0,0,0,0.117,0
1997,GTM,ATG,3080.378,3091.933,3080.378,3090.714,0,0,0,0.117,0
1998,GTM,ATG,3080.378,3091.933,3080.378,3090.714,0,0,0,0.117,0
1999,GTM,ATG,3080.378,3091.933,3080.378,3090.714,0,0,0,0.117,0
2000,GTM,ATG,3080.378,3091.933,3080.378,3090.714,0,0,0,0.117,0
2001,GTM,ATG,3080.378,3091.933,3080.378,3090.714,0,0,0,0.117,0
2002,GTM,ATG,3080.378,3091.933,3080.378,3090.714,0,0,0,0.117,0
2003,GTM,ATG,3080.378,3091.933,3080.378,3090.714,0,0,0,0.117,0
2004,GTM,ATG,3080.378,3091.933,3080.378,3090.714,0,0,0,0.117,0
2005,GTM,ATG,3080.378,3091.933,3080.378,3090.714,0,0,0,0.117,0
2006,GTM,ATG,3080.378,3091.933,3080.378,3090.714,0,0,0,0.117,0
2007,GTM,ATG,3080.378,3091.933,3080.378,3090.714,0,0,0,0.117,0
2008,GTM,ATG,3080.378,3091.933,3080.378,3090.714,0,0,0,0.117,0
2009,GTM,ATG,3080.378,3091.933,3080.378,3090.714,0,0,0,0.117,0
2010,GTM,ATG,3080.378,3091.933,3080.378,3090.714,0,0,0,0.117,0
2011,GTM,ATG,3080.378,3091.933,3080.378,3090.714,0,0,0,0.117,0
2012,GTM,ATG,3080.378,3091.933,3080.378,3090.714,0,0,0,0.117,0
2013,GTM,ATG,3080.378,3091.933,3080.378,3090.714,0,0,0,0.117,0
2014,GTM,ATG,3080.378,3091.933,3080.378,3090.714,0,0,0,0.117,0
2015,GTM,ATG,3080.378,3091.933,3080.378,3090.714,0,0,0,0.117,0
2016,GTM,ATG,3080.378,3091.933,3080.378,3090.714,0,0,0,0.117,0
2017,GTM,ATG,3080.378,3091.933,3080.378,3090.714,0,0,0,0.117,0
2018,GTM,ATG,3080.378,3091.933,3080.378,3090.714,0,0,0,0.117,0
2019,GTM,ATG,3080.378,3091.933,3080.378,3090.714,0,0,0,0.117,0
2020,GTM,ATG,3080.378,3091.933,3080.378,3090.714,0,0,0,0.117,0
1995,GTM,BHS,1802.478,1821.662,1802.478,1819.874,0,0,0,0.263,0
1996,GTM,BHS,1802.478,1821.662,1802.478,1819.874,0,0,0,0.263,0
1997,GTM,BHS,1802.478,1821.662,1802.478,1819.874,0,0,0,0.263,0
1998,GTM,BHS,1802.478,1821.662,1802.478,1819.874,0,0,0,0.263,0
1999,GTM,BHS,1802.478,1821.662,1802.478,1819.874,0,0,0,0.263,0
2000,GTM,BHS,1802.478,1821.662,1802.478,1819.874,0,0,0,0.263,0
2001,GTM,BHS,1802.478,1821.662,1802.478,1819.874,0,0,0,0.263,0
2002,GTM,BHS,1802.478,1821.662,1802.478,1819.874,0,0,0,0.263,0
2003,GTM,BHS,1802.478,1821.662,1802.478,1819.874,0,0,0,0.263,0
2004,GTM,BHS,1802.478,1821.662,1802.478,1819.874,0,0,0,0.263,0
2005,GTM,BHS,1802.478,1821.662,1802.478,1819.874,0,0,0,0.263,0
2006,GTM,BHS,1802.478,1821.662,1802.478,1819.874,0,0,0,0.263,0
2007,GTM,BHS,1802.478,1821.662,1802.478,1819.874,0,0,0,0.263,0
2008,GTM,BHS,1802.478,1821.662,1802.478,1819.874,0,0,0,0.263,0
2009,GTM,BHS,1802.478,1821.662,1802.478,1819.874,0,0,0,0.263,0
2010,GTM,BHS,1802.478,1821.662,1802.478,1819.874,0,0,0,0.263,0
2011,GTM,BHS,1802.478,1821.662,1802.478,1819.874,0,0,0,0.263,0
2012,GTM,BHS,1802.478,1821.662,1802.478,1819.874,0,0,0,0.263,0
2013,GTM,BHS,1802.478,1821.662,1802.478,1819.874,0,0,0,0.263,0
2014,GTM,BHS,1802.478,1821.662,1802.478,1819.874,0,0,0,0.263,0
2015,GTM,BHS,1802.478,1821.662,1802.478,1819.874,0,0,0,0.263,0
2016,GTM,BHS,1802.478,1821.662,1802.478,1819.874,0,0,0,0.263,0
2017,GTM,BHS,1802.478,1821.662,1802.478,1819.874,0,0,0,0.263,0
2018,GTM,BHS,1802.478,1821.662,1802.478,1819.874,0,0,0,0.263,0
2019,GTM,BHS,1802.478,1821.662,1802.478,1819.874,0,0,0,0.263,0
2020,GTM,BHS,1802.478,1821.662,1802.478,1819.874,0,0,0,0.263,0
1995,GTM,BLZ,341.203,397.851,341.203,382.899,1,1,0,0.634,0
1996,GTM,BLZ,341.203,397.851,341.203,382.899,1,1,0,0.634,0
1997,GTM,BLZ,341.203,397.851,341.203,382.899,1,1,0,0.634,0
1998,GTM,BLZ,341.203,397.851,341.203,382.899,1,1,0,0.634,0
1999,GTM,BLZ,341.203,397.851,341.203,382.899,1,1,0,0.634,0
2000,GTM,BLZ,341.203,397.851,341.203,382.899,1,1,0,0.634,0
2001,GTM,BLZ,341.203,397.851,341.203,382.899,1,1,0,0.634,0
2002,GTM,BLZ,341.203,397.851,341.203,382.899,1,1,0,0.634,0
2003,GTM,BLZ,341.203,397.851,341.203,382.899,1,1,0,0.634,0
2004,GTM,BLZ,341.203,397.851,341.203,382.899,1,1,0,0.634,0
2005,GTM,BLZ,341.203,397.851,341.203,382.899,1,1,0,0.634,0
2006,GTM,BLZ,341.203,397.851,341.203,382.899,1,1,0,0.634,0
2007,GTM,BLZ,341.203,397.851,341.203,382.899,1,1,0,0.634,0
2008,GTM,BLZ,341.203,397.851,341.203,382.899,1,1,0,0.634,0
2009,GTM,BLZ,341.203,397.851,341.203,382.899,1,1,0,0.634,0
2010,GTM,BLZ,341.203,397.851,341.203,382.899,1,1,0,0.634,0
2011,GTM,BLZ,341.203,397.851,341.203,382.899,1,1,0,0.634,0
2012,GTM,BLZ,341.203,397.851,341.203,382.899,1,1,0,0.634,0
2013,GTM,BLZ,341.203,397.851,341.203,382.899,1,1,0,0.634,0
2014,GTM,BLZ,341.203,397.851,341.203,382.899,1,1,0,0.634,0
2015,GTM,BLZ,341.203,397.851,341.203,382.899,1,1,0,0.634,0
2016,GTM,BLZ,341.203,397.851,341.203,382.899,1,1,0,0.634,0
2017,GTM,BLZ,341.203,397.851,341.203,382.899,1,1,0,0.634,0
2018,GTM,BLZ,341.203,397.851,341.203,382.899,1,1,0,0.634,0
2019,GTM,BLZ,341.203,397.851,341.203,382.899,1,1,0,0.634,0
2020,GTM,BLZ,341.203,397.851,341.203,382.899,1,1,0,0.634,0
1995,GTM,BOL,4247.32,4496.198,4663.383,4483.413,0,1,0,0.871,0
1996,GTM,BOL,4247.32,4496.198,4663.383,4483.413,0,1,0,0.871,0
1997,GTM,BOL,4247.32,4496.198,4663.383,4483.413,0,1,0,0.871,0
1998,GTM,BOL,4247.32,4496.198,4663.383,4483.413,0,1,0,0.871,0
1999,GTM,BOL,4247.32,4496.198,4663.383,4483.413,0,1,0,0.871,0
2000,GTM,BOL,4247.32,4496.198,4663.383,4483.413,0,1,0,0.871,0
2001,GTM,BOL,4247.32,4496.198,4663.383,4483.413,0,1,0,0.871,0
2002,GTM,BOL,4247.32,4496.198,4663.383,4483.413,0,1,0,0.871,0
2003,GTM,BOL,4247.32,4496.198,4663.383,4483.413,0,1,0,0.871,0
2004,GTM,BOL,4247.32,4496.198,4663.383,4483.413,0,1,0,0.871,0
2005,GTM,BOL,4247.32,4496.198,4663.383,4483.413,0,1,0,0.871,0
2006,GTM,BOL,4247.32,4496.198,4663.383,4483.413,0,1,0,0.871,0
2007,GTM,BOL,4247.32,4496.198,4663.383,4483.413,0,1,0,0.871,0
2008,GTM,BOL,4247.32,4496.198,4663.383,4483.413,0,1,0,0.871,0
2009,GTM,BOL,4247.32,4496.198,4663.383,4483.413,0,1,0,0.871,0
2010,GTM,BOL,4247.32,4496.198,4663.383,4483.413,0,1,0,0.871,0
2011,GTM,BOL,4247.32,4496.198,4663.383,4483.413,0,1,0,0.871,0
2012,GTM,BOL,4247.32,4496.198,4663.383,4483.413,0,1,0,0.871,0
2013,GTM,BOL,4247.32,4496.198,4663.383,4483.413,0,1,0,0.871,0
2014,GTM,BOL,4247.32,4496.198,4663.383,4483.413,0,1,0,0.871,0
2015,GTM,BOL,4247.32,4496.198,4663.383,4483.413,0,1,0,0.871,0
2016,GTM,BOL,4247.32,4496.198,4663.383,4483.413,0,1,0,0.871,0
2017,GTM,BOL,4247.32,4496.198,4663.383,4483.413,0,1,0,0.871,0
2018,GTM,BOL,4247.32,4496.198,4663.383,4483.413,0,1,0,0.871,0
2019,GTM,BOL,4247.32,4496.198,4663.383,4483.413,0,1,0,0.871,0
2020,GTM,BOL,4247.32,4496.198,4663.383,4483.413,0,1,0,0.871,0
1995,GTM,BRA,6390.672,6234.895,5779.934,6159.761,0,0,0,0.827,0
1996,GTM,BRA,6390.672,6234.895,5779.934,6159.761,0,0,0,0.827,0
1997,GTM,BRA,6390.672,6234.895,5779.934,6159.761,0,0,0,0.827,0
1998,GTM,BRA,6390.672,6234.895,5779.934,6159.761,0,0,0,0.827,0
1999,GTM,BRA,6390.672,6234.895,5779.934,6159.761,0,0,0,0.827,0
2000,GTM,BRA,6390.672,6234.895,5779.934,6159.761,0,0,0,0.827,0
2001,GTM,BRA,6390.672,6234.895,5779.934,6159.761,0,0,0,0.827,0
2002,GTM,BRA,6390.672,6234.895,5779.934,6159.761,0,0,0,0.827,0
2003,GTM,BRA,6390.672,6234.895,5779.934,6159.761,0,0,0,0.827,0
2004,GTM,BRA,6390.672,6234.895,5779.934,6159.761,0,0,0,0.827,0
2005,GTM,BRA,6390.672,6234.895,5779.934,6159.761,0,0,0,0.827,0
2006,GTM,BRA,6390.672,6234.895,5779.934,6159.761,0,0,0,0.827,0
2007,GTM,BRA,6390.672,6234.895,5779.934,6159.761,0,0,0,0.827,0
2008,GTM,BRA,6390.672,6234.895,5779.934,6159.761,0,0,0,0.827,0
2009,GTM,BRA,6390.672,6234.895,5779.934,6159.761,0,0,0,0.827,0
2010,GTM,BRA,6390.672,6234.895,5779.934,6159.761,0,0,0,0.827,0
2011,GTM,BRA,6390.672,6234.895,5779.934,6159.761,0,0,0,0.827,0
2012,GTM,BRA,6390.672,6234.895,5779.934,6159.761,0,0,0,0.827,0
2013,GTM,BRA,6390.672,6234.895,5779.934,6159.761,0,0,0,0.827,0
2014,GTM,BRA,6390.672,6234.895,5779.934,6159.761,0,0,0,0.827,0
2015,GTM,BRA,6390.672,6234.895,5779.934,6159.761,0,0,0,0.827,0
2016,GTM,BRA,6390.672,6234.895,5779.934,6159.761,0,0,0,0.827,0
2017,GTM,BRA,6390.672,6234.895,5779.934,6159.761,0,0,0,0.827,0
2018,GTM,BRA,6390.672,6234.895,5779.934,6159.761,0,0,0,0.827,0
2019,GTM,BRA,6390.672,6234.895,5779.934,6159.761,0,0,0,0.827,0
2020,GTM,BRA,6390.672,6234.895,5779.934,6159.761,0,0,0,0.827,0
1995,GTM,BRB,3340.769,3359.491,3340.769,3358.599,0,0,0,0.072,0
1996,GTM,BRB,3340.769,3359.491,3340.769,3358.599,0,0,0,0.072,0
1997,GTM,BRB,3340.769,3359.491,3340.769,3358.599,0,0,0,0.072,0
1998,GTM,BRB,3340.769,3359.491,3340.769,3358.599,0,0,0,0.072,0
1999,GTM,BRB,3340.769,3359.491,3340.769,3358.599,0,0,0,0.072,0
2000,GTM,BRB,3340.769,3359.491,3340.769,3358.599,0,0,0,0.072,0
2001,GTM,BRB,3340.769,3359.491,3340.769,3358.599,0,0,0,0.072,0
2002,GTM,BRB,3340.769,3359.491,3340.769,3358.599,0,0,0,0.072,0
2003,GTM,BRB,3340.769,3359.491,3340.769,3358.599,0,0,0,0.072,0
2004,GTM,BRB,3340.769,3359.491,3340.769,3358.599,0,0,0,0.072,0
2005,GTM,BRB,3340.769,3359.491,3340.769,3358.599,0,0,0,0.072,0
2006,GTM,BRB,3340.769,3359.491,3340.769,3358.599,0,0,0,0.072,0
2007,GTM,BRB,3340.769,3359.491,3340.769,3358.599,0,0,0,0.072,0
2008,GTM,BRB,3340.769,3359.491,3340.769,3358.599,0,0,0,0.072,0
2009,GTM,BRB,3340.769,3359.491,3340.769,3358.599,0,0,0,0.072,0
2010,GTM,BRB,3340.769,3359.491,3340.769,3358.599,0,0,0,0.072,0
2011,GTM,BRB,3340.769,3359.491,3340.769,3358.599,0,0,0,0.072,0
2012,GTM,BRB,3340.769,3359.491,3340.769,3358.599,0,0,0,0.072,0
2013,GTM,BRB,3340.769,3359.491,3340.769,3358.599,0,0,0,0.072,0
2014,GTM,BRB,3340.769,3359.491,3340.769,3358.599,0,0,0,0.072,0
2015,GTM,BRB,3340.769,3359.491,3340.769,3358.599,0,0,0,0.072,0
2016,GTM,BRB,3340.769,3359.491,3340.769,3358.599,0,0,0,0.072,0
2017,GTM,BRB,3340.769,3359.491,3340.769,3358.599,0,0,0,0.072,0
2018,GTM,BRB,3340.769,3359.491,3340.769,3358.599,0,0,0,0.072,0
2019,GTM,BRB,3340.769,3359.491,3340.769,3358.599,0,0,0,0.072,0
2020,GTM,BRB,3340.769,3359.491,3340.769,3358.599,0,0,0,0.072,0
1995,GTM,CHL,5756.752,5734.597,5756.752,5693.204,0,1,0,0.773,0
1996,GTM,CHL,5756.752,5734.597,5756.752,5693.204,0,1,0,0.773,0
1997,GTM,CHL,5756.752,5734.597,5756.752,5693.204,0,1,0,0.773,0
1998,GTM,CHL,5756.752,5734.597,5756.752,5693.204,0,1,0,0.773,0
1999,GTM,CHL,5756.752,5734.597,5756.752,5693.204,0,1,0,0.773,0
2000,GTM,CHL,5756.752,5734.597,5756.752,5693.204,0,1,0,0.773,0
2001,GTM,CHL,5756.752,5734.597,5756.752,5693.204,0,1,0,0.773,0
2002,GTM,CHL,5756.752,5734.597,5756.752,5693.204,0,1,0,0.773,0
2003,GTM,CHL,5756.752,5734.597,5756.752,5693.204,0,1,0,0.773,0
2004,GTM,CHL,5756.752,5734.597,5756.752,5693.204,0,1,0,0.773,0
2005,GTM,CHL,5756.752,5734.597,5756.752,5693.204,0,1,0,0.773,0
2006,GTM,CHL,5756.752,5734.597,5756.752,5693.204,0,1,0,0.773,0
2007,GTM,CHL,5756.752,5734.597,5756.752,5693.204,0,1,0,0.773,0
2008,GTM,CHL,5756.752,5734.597,5756.752,5693.204,0,1,0,0.773,0
2009,GTM,CHL,5756.752,5734.597,5756.752,5693.204,0,1,0,0.773,0
2010,GTM,CHL,5756.752,5734.597,5756.752,5693.204,0,1,0,0.773,1
2011,GTM,CHL,5756.752,5734.597,5756.752,5693.204,0,1,0,0.773,1
2012,GTM,CHL,5756.752,5734.597,5756.752,5693.204,0,1,0,0.773,1
2013,GTM,CHL,5756.752,5734.597,5756.752,5693.204,0,1,0,0.773,1
2014,GTM,CHL,5756.752,5734.597,5756.752,5693.204,0,1,0,0.773,1
2015,GTM,CHL,5756.752,5734.597,5756.752,5693.204,0,1,0,0.773,1
2016,GTM,CHL,5756.752,5734.597,5756.752,5693.204,0,1,0,0.773,1
2017,GTM,CHL,5756.752,5734.597,5756.752,5693.204,0,1,0,0.773,1
2018,GTM,CHL,5756.752,5734.597,5756.752,5693.204,0,1,0,0.773,1
2019,GTM,CHL,5756.752,5734.597,5756.752,5693.204,0,1,0,0.773,1
2020,GTM,CHL,5756.752,5734.597,5756.752,5693.204,0,1,0,0.773,1
1995,GTM,COL,2025.943,2005.588,2025.943,1994.056,0,1,0,0.908,0
1996,GTM,COL,2025.943,2005.588,2025.943,1994.056,0,1,0,0.908,0
1997,GTM,COL,2025.943,2005.588,2025.943,1994.056,0,1,0,0.908,0
1998,GTM,COL,2025.943,2005.588,2025.943,1994.056,0,1,0,0.908,0
1999,GTM,COL,2025.943,2005.588,2025.943,1994.056,0,1,0,0.908,0
2000,GTM,COL,2025.943,2005.588,2025.943,1994.056,0,1,0,0.908,0
2001,GTM,COL,2025.943,2005.588,2025.943,1994.056,0,1,0,0.908,0
2002,GTM,COL,2025.943,2005.588,2025.943,1994.056,0,1,0,0.908,0
2003,GTM,COL,2025.943,2005.588,2025.943,1994.056,0,1,0,0.908,0
2004,GTM,COL,2025.943,2005.588,2025.943,1994.056,0,1,0,0.908,0
2005,GTM,COL,2025.943,2005.588,2025.943,1994.056,0,1,0,0.908,0
2006,GTM,COL,2025.943,2005.588,2025.943,1994.056,0,1,0,0.908,0
2007,GTM,COL,2025.943,2005.588,2025.943,1994.056,0,1,0,0.908,0
2008,GTM,COL,2025.943,2005.588,2025.943,1994.056,0,1,0,0.908,0
2009,GTM,COL,2025.943,2005.588,2025.943,1994.056,0,1,0,0.908,1
2010,GTM,COL,2025.943,2005.588,2025.943,1994.056,0,1,0,0.908,1
2011,GTM,COL,2025.943,2005.588,2025.943,1994.056,0,1,0,0.908,1
2012,GTM,COL,2025.943,2005.588,2025.943,1994.056,0,1,0,0.908,1
2013,GTM,COL,2025.943,2005.588,2025.943,1994.056,0,1,0,0.908,1
2014,GTM,COL,2025.943,2005.588,2025.943,1994.056,0,1,0,0.908,1
2015,GTM,COL,2025.943,2005.588,2025.943,1994.056,0,1,0,0.908,1
2016,GTM,COL,2025.943,2005.588,2025.943,1994.056,0,1,0,0.908,1
2017,GTM,COL,2025.943,2005.588,2025.943,1994.056,0,1,0,0.908,1
2018,GTM,COL,2025.943,2005.588,2025.943,1994.056,0,1,0,0.908,1
2019,GTM,COL,2025.943,2005.588,2025.943,1994.056,0,1,0,0.908,1
2020,GTM,COL,2025.943,2005.588,2025.943,1994.056,0,1,0,0.908,1
1995,GTM,CRI,871.464,881.039,871.464,875.278,0,1,0,0.854,1
1996,GTM,CRI,871.464,881.039,871.464,875.278,0,1,0,0.854,1
1997,GTM,CRI,871.464,881.039,871.464,875.278,0,1,0,0.854,1
1998,GTM,CRI,871.464,881.039,871.464,875.278,0,1,0,0.854,1
1999,GTM,CRI,871.464,881.039,871.464,875.278,0,1,0,0.854,1
2000,GTM,CRI,871.464,881.039,871.464,875.278,0,1,0,0.854,1
2001,GTM,CRI,871.464,881.039,871.464,875.278,0,1,0,0.854,1
2002,GTM,CRI,871.464,881.039,871.464,875.278,0,1,0,0.854,1
2003,GTM,CRI,871.464,881.039,871.464,875.278,0,1,0,0.854,1
2004,GTM,CRI,871.464,881.039,871.464,875.278,0,1,0,0.854,1
2005,GTM,CRI,871.464,881.039,871.464,875.278,0,1,0,0.854,1
2006,GTM,CRI,871.464,881.039,871.464,875.278,0,1,0,0.854,1
2007,GTM,CRI,871.464,881.039,871.464,875.278,0,1,0,0.854,1
2008,GTM,CRI,871.464,881.039,871.464,875.278,0,1,0,0.854,1
2009,GTM,CRI,871.464,881.039,871.464,875.278,0,1,0,0.854,1
2010,GTM,CRI,871.464,881.039,871.464,875.278,0,1,0,0.854,1
2011,GTM,CRI,871.464,881.039,871.464,875.278,0,1,0,0.854,1
2012,GTM,CRI,871.464,881.039,871.464,875.278,0,1,0,0.854,1
2013,GTM,CRI,871.464,881.039,871.464,875.278,0,1,0,0.854,1
2014,GTM,CRI,871.464,881.039,871.464,875.278,0,1,0,0.854,1
2015,GTM,CRI,871.464,881.039,871.464,875.278,0,1,0,0.854,1
2016,GTM,CRI,871.464,881.039,871.464,875.278,0,1,0,0.854,1
2017,GTM,CRI,871.464,881.039,871.464,875.278,0,1,0,0.854,1
2018,GTM,CRI,871.464,881.039,871.464,875.278,0,1,0,0.854,1
2019,GTM,CRI,871.464,881.039,871.464,875.278,0,1,0,0.854,1
2020,GTM,CRI,871.464,881.039,871.464,875.278,0,1,0,0.854,1
1995,GTM,CUB,1271.713,1441.444,1271.713,1415.994,0,1,0,0.301,0
1996,GTM,CUB,1271.713,1441.444,1271.713,1415.994,0,1,0,0.301,0
1997,GTM,CUB,1271.713,1441.444,1271.713,1415.994,0,1,0,0.301,0
1998,GTM,CUB,1271.713,1441.444,1271.713,1415.994,0,1,0,0.301,0
1999,GTM,CUB,1271.713,1441.444,1271.713,1415.994,0,1,0,0.301,0
2000,GTM,CUB,1271.713,1441.444,1271.713,1415.994,0,1,0,0.301,0
2001,GTM,CUB,1271.713,1441.444,1271.713,1415.994,0,1,0,0.301,0
2002,GTM,CUB,1271.713,1441.444,1271.713,1415.994,0,1,0,0.301,0
2003,GTM,CUB,1271.713,1441.444,1271.713,1415.994,0,1,0,0.301,0
2004,GTM,CUB,1271.713,1441.444,1271.713,1415.994,0,1,0,0.301,0
2005,GTM,CUB,1271.713,1441.444,1271.713,1415.994,0,1,0,0.301,0
2006,GTM,CUB,1271.713,1441.444,1271.713,1415.994,0,1,0,0.301,0
2007,GTM,CUB,1271.713,1441.444,1271.713,1415.994,0,1,0,0.301,0
2008,GTM,CUB,1271.713,1441.444,1271.713,1415.994,0,1,0,0.301,0
2009,GTM,CUB,1271.713,1441.444,1271.713,1415.994,0,1,0,0.301,0
2010,GTM,CUB,1271.713,1441.444,1271.713,1415.994,0,1,0,0.301,0
2011,GTM,CUB,1271.713,1441.444,1271.713,1415.994,0,1,0,0.301,0
2012,GTM,CUB,1271.713,1441.444,1271.713,1415.994,0,1,0,0.301,0
2013,GTM,CUB,1271.713,1441.444,1271.713,1415.994,0,1,0,0.301,0
2014,GTM,CUB,1271.713,1441.444,1271.713,1415.994,0,1,0,0.301,0
2015,GTM,CUB,1271.713,1441.444,1271.713,1415.994,0,1,0,0.301,0
2016,GTM,CUB,1271.713,1441.444,1271.713,1415.994,0,1,0,0.301,0
2017,GTM,CUB,1271.713,1441.444,1271.713,1415.994,0,1,0,0.301,0
2018,GTM,CUB,1271.713,1441.444,1271.713,1415.994,0,1,0,0.301,0
2019,GTM,CUB,1271.713,1441.444,1271.713,1415.994,0,1,0,0.301,0
2020,GTM,CUB,1271.713,1441.444,1271.713,1415.994,0,1,0,0.301,0
1995,GTM,DMA,3131.07,3149.72,3131.07,3148.748,0,0,0,0.848,0
1996,GTM,DMA,3131.07,3149.72,3131.07,3148.748,0,0,0,0.848,0
1997,GTM,DMA,3131.07,3149.72,3131.07,3148.748,0,0,0,0.848,0
1998,GTM,DMA,3131.07,3149.72,3131.07,3148.748,0,0,0,0.848,0
1999,GTM,DMA,3131.07,3149.72,3131.07,3148.748,0,0,0,0.848,0
2000,GTM,DMA,3131.07,3149.72,3131.07,3148.748,0,0,0,0.848,0
2001,GTM,DMA,3131.07,3149.72,3131.07,3148.748,0,0,0,0.848,0
2002,GTM,DMA,3131.07,3149.72,3131.07,3148.748,0,0,0,0.848,0
2003,GTM,DMA,3131.07,3149.72,3131.07,3148.748,0,0,0,0.848,0
2004,GTM,DMA,3131.07,3149.72,3131.07,3148.748,0,0,0,0.848,0
2005,GTM,DMA,3131.07,3149.72,3131.07,3148.748,0,0,0,0.848,0
2006,GTM,DMA,3131.07,3149.72,3131.07,3148.748,0,0,0,0.848,0
2007,GTM,DMA,3131.07,3149.72,3131.07,3148.748,0,0,0,0.848,0
2008,GTM,DMA,3131.07,3149.72,3131.07,3148.748,0,0,0,0.848,0
2009,GTM,DMA,3131.07,3149.72,3131.07,3148.748,0,0,0,0.848,0
2010,GTM,DMA,3131.07,3149.72,3131.07,3148.748,0,0,0,0.848,0
2011,GTM,DMA,3131.07,3149.72,3131.07,3148.748,0,0,0,0.848,0
2012,GTM,DMA,3131.07,3149.72,3131.07,3148.748,0,0,0,0.848,0
2013,GTM,DMA,3131.07,3149.72,3131.07,3148.748,0,0,0,0.848,0
2014,GTM,DMA,3131.07,3149.72,3131.07,3148.748,0,0,0,0.848,0
2015,GTM,DMA,3131.07,3149.72,3131.07,3148.748,0,0,0,0.848,0
2016,GTM,DMA,3131.07,3149.72,3131.07,3148.748,0,0,0,0.848,0
2017,GTM,DMA,3131.07,3149.72,3131.07,3148.748,0,0,0,0.848,0
2018,GTM,DMA,3131.07,3149.72,3131.07,3148.748,0,0,0,0.848,0
2019,GTM,DMA,3131.07,3149.72,3131.07,3148.748,0,0,0,0.848,0
2020,GTM,DMA,3131.07,3149.72,3131.07,3148.748,0,0,0,0.848,0
1995,GTM,DOM,2251.793,2239.722,2251.793,2237.313,0,1,0,0.909,0
1996,GTM,DOM,2251.793,2239.722,2251.793,2237.313,0,1,0,0.909,0
1997,GTM,DOM,2251.793,2239.722,2251.793,2237.313,0,1,0,0.909,0
1998,GTM,DOM,2251.793,2239.722,2251.793,2237.313,0,1,0,0.909,0
1999,GTM,DOM,2251.793,2239.722,2251.793,2237.313,0,1,0,0.909,0
2000,GTM,DOM,2251.793,2239.722,2251.793,2237.313,0,1,0,0.909,0
2001,GTM,DOM,2251.793,2239.722,2251.793,2237.313,0,1,0,0.909,0
2002,GTM,DOM,2251.793,2239.722,2251.793,2237.313,0,1,0,0.909,1
2003,GTM,DOM,2251.793,2239.722,2251.793,2237.313,0,1,0,0.909,1
2004,GTM,DOM,2251.793,2239.722,2251.793,2237.313,0,1,0,0.909,1
2005,GTM,DOM,2251.793,2239.722,2251.793,2237.313,0,1,0,0.909,1
2006,GTM,DOM,2251.793,2239.722,2251.793,2237.313,0,1,0,0.909,1
2007,GTM,DOM,2251.793,2239.722,2251.793,2237.313,0,1,0,0.909,1
2008,GTM,DOM,2251.793,2239.722,2251.793,2237.313,0,1,0,0.909,1
2009,GTM,DOM,2251.793,2239.722,2251.793,2237.313,0,1,0,0.909,1
2010,GTM,DOM,2251.793,2239.722,2251.793,2237.313,0,1,0,0.909,1
2011,GTM,DOM,2251.793,2239.722,2251.793,2237.313,0,1,0,0.909,1
2012,GTM,DOM,2251.793,2239.722,2251.793,2237.313,0,1,0,0.909,1
2013,GTM,DOM,2251.793,2239.722,2251.793,2237.313,0,1,0,0.909,1
2014,GTM,DOM,2251.793,2239.722,2251.793,2237.313,0,1,0,0.909,1
2015,GTM,DOM,2251.793,2239.722,2251.793,2237.313,0,1,0,0.909,1
2016,GTM,DOM,2251.793,2239.722,2251.793,2237.313,0,1,0,0.909,1
2017,GTM,DOM,2251.793,2239.722,2251.793,2237.313,0,1,0,0.909,1
2018,GTM,DOM,2251.793,2239.722,2251.793,2237.313,0,1,0,0.909,1
2019,GTM,DOM,2251.793,2239.722,2251.793,2237.313,0,1,0,0.909,1
2020,GTM,DOM,2251.793,2239.722,2251.793,2237.313,0,1,0,0.909,1
1995,GTM,ECU,2118.501,2191.345,2118.501,2187.501,0,1,0,0.907,0
1996,GTM,ECU,2118.501,2191.345,2118.501,2187.501,0,1,0,0.907,0
1997,GTM,ECU,2118.501,2191.345,2118.501,2187.501,0,1,0,0.907,0
1998,GTM,ECU,2118.501,2191.345,2118.501,2187.501,0,1,0,0.907,0
1999,GTM,ECU,2118.501,2191.345,2118.501,2187.501,0,1,0,0.907,0
2000,GTM,ECU,2118.501,2191.345,2118.501,2187.501,0,1,0,0.907,0
2001,GTM,ECU,2118.501,2191.345,2118.501,2187.501,0,1,0,0.907,0
2002,GTM,ECU,2118.501,2191.345,2118.501,2187.501,0,1,0,0.907,0
2003,GTM,ECU,2118.501,2191.345,2118.501,2187.501,0,1,0,0.907,0
2004,GTM,ECU,2118.501,2191.345,2118.501,2187.501,0,1,0,0.907,0
2005,GTM,ECU,2118.501,2191.345,2118.501,2187.501,0,1,0,0.907,0
2006,GTM,ECU,2118.501,2191.345,2118.501,2187.501,0,1,0,0.907,0
2007,GTM,ECU,2118.501,2191.345,2118.501,2187.501,0,1,0,0.907,0
2008,GTM,ECU,2118.501,2191.345,2118.501,2187.501,0,1,0,0.907,0
2009,GTM,ECU,2118.501,2191.345,2118.501,2187.501,0,1,0,0.907,0
2010,GTM,ECU,2118.501,2191.345,2118.501,2187.501,0,1,0,0.907,0
2011,GTM,ECU,2118.501,2191.345,2118.501,2187.501,0,1,0,0.907,0
2012,GTM,ECU,2118.501,2191.345,2118.501,2187.501,0,1,0,0.907,0
2013,GTM,ECU,2118.501,2191.345,2118.501,2187.501,0,1,0,0.907,0
2014,GTM,ECU,2118.501,2191.345,2118.501,2187.501,0,1,0,0.907,0
2015,GTM,ECU,2118.501,2191.345,2118.501,2187.501,0,1,0,0.907,0
2016,GTM,ECU,2118.501,2191.345,2118.501,2187.501,0,1,0,0.907,0
2017,GTM,ECU,2118.501,2191.345,2118.501,2187.501,0,1,0,0.907,0
2018,GTM,ECU,2118.501,2191.345,2118.501,2187.501,0,1,0,0.907,0
2019,GTM,ECU,2118.501,2191.345,2118.501,2187.501,0,1,0,0.907,0
2020,GTM,ECU,2118.501,2191.345,2118.501,2187.501,0,1,0,0.907,0
1995,GTM,GRD,3127.97,3149.689,3127.97,3148.737,0,0,0,0.612,0
1996,GTM,GRD,3127.97,3149.689,3127.97,3148.737,0,0,0,0.612,0
1997,GTM,GRD,3127.97,3149.689,3127.97,3148.737,0,0,0,0.612,0
1998,GTM,GRD,3127.97,3149.689,3127.97,3148.737,0,0,0,0.612,0
1999,GTM,GRD,3127.97,3149.689,3127.97,3148.737,0,0,0,0.612,0
2000,GTM,GRD,3127.97,3149.689,3127.97,3148.737,0,0,0,0.612,0
2001,GTM,GRD,3127.97,3149.689,3127.97,3148.737,0,0,0,0.612,0
2002,GTM,GRD,3127.97,3149.689,3127.97,3148.737,0,0,0,0.612,0
2003,GTM,GRD,3127.97,3149.689,3127.97,3148.737,0,0,0,0.612,0
2004,GTM,GRD,3127.97,3149.689,3127.97,3148.737,0,0,0,0.612,0
2005,GTM,GRD,3127.97,3149.689,3127.97,3148.737,0,0,0,0.612,0
2006,GTM,GRD,3127.97,3149.689,3127.97,3148.737,0,0,0,0.612,0
2007,GTM,GRD,3127.97,3149.689,3127.97,3148.737,0,0,0,0.612,0
2008,GTM,GRD,3127.97,3149.689,3127.97,3148.737,0,0,0,0.612,0
2009,GTM,GRD,3127.97,3149.689,3127.97,3148.737,0,0,0,0.612,0
2010,GTM,GRD,3127.97,3149.689,3127.97,3148.737,0,0,0,0.612,0
2011,GTM,GRD,3127.97,3149.689,3127.97,3148.737,0,0,0,0.612,0
2012,GTM,GRD,3127.97,3149.689,3127.97,3148.737,0,0,0,0.612,0
2013,GTM,GRD,3127.97,3149.689,3127.97,3148.737,0,0,0,0.612,0
2014,GTM,GRD,3127.97,3149.689,3127.97,3148.737,0,0,0,0.612,0
2015,GTM,GRD,3127.97,3149.689,3127.97,3148.737,0,0,0,0.612,0
2016,GTM,GRD,3127.97,3149.689,3127.97,3148.737,0,0,0,0.612,0
2017,GTM,GRD,3127.97,3149.689,3127.97,3148.737,0,0,0,0.612,0
2018,GTM,GRD,3127.97,3149.689,3127.97,3148.737,0,0,0,0.612,0
2019,GTM,GRD,3127.97,3149.689,3127.97,3148.737,0,0,0,0.612,0
2020,GTM,GRD,3127.97,3149.689,3127.97,3148.737,0,0,0,0.612,0
1995,GTM,GUY,3640.024,3675.161,3640.024,3673.932,0,0,0,0.178,0
1996,GTM,GUY,3640.024,3675.161,3640.024,3673.932,0,0,0,0.178,0
1997,GTM,GUY,3640.024,3675.161,3640.024,3673.932,0,0,0,0.178,0
1998,GTM,GUY,3640.024,3675.161,3640.024,3673.932,0,0,0,0.178,0
1999,GTM,GUY,3640.024,3675.161,3640.024,3673.932,0,0,0,0.178,0
2000,GTM,GUY,3640.024,3675.161,3640.024,3673.932,0,0,0,0.178,0
2001,GTM,GUY,3640.024,3675.161,3640.024,3673.932,0,0,0,0.178,0
2002,GTM,GUY,3640.024,3675.161,3640.024,3673.932,0,0,0,0.178,0
2003,GTM,GUY,3640.024,3675.161,3640.024,3673.932,0,0,0,0.178,0
2004,GTM,GUY,3640.024,3675.161,3640.024,3673.932,0,0,0,0.178,0
2005,GTM,GUY,3640.024,3675.161,3640.024,3673.932,0,0,0,0.178,0
2006,GTM,GUY,3640.024,3675.161,3640.024,3673.932,0,0,0,0.178,0
2007,GTM,GUY,3640.024,3675.161,3640.024,3673.932,0,0,0,0.178,0
2008,GTM,GUY,3640.024,3675.161,3640.024,3673.932,0,0,0,0.178,0
2009,GTM,GUY,3640.024,3675.161,3640.024,3673.932,0,0,0,0.178,0
2010,GTM,GUY,3640.024,3675.161,3640.024,3673.932,0,0,0,0.178,0
2011,GTM,GUY,3640.024,3675.161,3640.024,3673.932,0,0,0,0.178,0
2012,GTM,GUY,3640.024,3675.161,3640.024,3673.932,0,0,0,0.178,0
2013,GTM,GUY,3640.024,3675.161,3640.024,3673.932,0,0,0,0.178,0
2014,GTM,GUY,3640.024,3675.161,3640.024,3673.932,0,0,0,0.178,0
2015,GTM,GUY,3640.024,3675.161,3640.024,3673.932,0,0,0,0.178,0
2016,GTM,GUY,3640.024,3675.161,3640.024,3673.932,0,0,0,0.178,0
2017,GTM,GUY,3640.024,3675.161,3640.024,3673.932,0,0,0,0.178,0
2018,GTM,GUY,3640.024,3675.161,3640.024,3673.932,0,0,0,0.178,0
2019,GTM,GUY,3640.024,3675.161,3640.024,3673.932,0,0,0,0.178,0
2020,GTM,GUY,3640.024,3675.161,3640.024,3673.932,0,0,0,0.178,0
1995,GTM,HND,359.267,350.713,359.267,325.853,1,1,0,0.902,1
1996,GTM,HND,359.267,350.713,359.267,325.853,1,1,0,0.902,1
1997,GTM,HND,359.267,350.713,359.267,325.853,1,1,0,0.902,1
1998,GTM,HND,359.267,350.713,359.267,325.853,1,1,0,0.902,1
1999,GTM,HND,359.267,350.713,359.267,325.853,1,1,0,0.902,1
2000,GTM,HND,359.267,350.713,359.267,325.853,1,1,0,0.902,1
2001,GTM,HND,359.267,350.713,359.267,325.853,1,1,0,0.902,1
2002,GTM,HND,359.267,350.713,359.267,325.853,1,1,0,0.902,1
2003,GTM,HND,359.267,350.713,359.267,325.853,1,1,0,0.902,1
2004,GTM,HND,359.267,350.713,359.267,325.853,1,1,0,0.902,1
2005,GTM,HND,359.267,350.713,359.267,325.853,1,1,0,0.902,1
2006,GTM,HND,359.267,350.713,359.267,325.853,1,1,0,0.902,1
2007,GTM,HND,359.267,350.713,359.267,325.853,1,1,0,0.902,1
2008,GTM,HND,359.267,350.713,359.267,325.853,1,1,0,0.902,1
2009,GTM,HND,359.267,350.713,359.267,325.853,1,1,0,0.902,1
2010,GTM,HND,359.267,350.713,359.267,325.853,1,1,0,0.902,1
2011,GTM,HND,359.267,350.713,359.267,325.853,1,1,0,0.902,1
2012,GTM,HND,359.267,350.713,359.267,325.853,1,1,0,0.902,1
2013,GTM,HND,359.267,350.713,359.267,325.853,1,1,0,0.902,1
2014,GTM,HND,359.267,350.713,359.267,325.853,1,1,0,0.902,1
2015,GTM,HND,359.267,350.713,359.267,325.853,1,1,0,0.902,1
2016,GTM,HND,359.267,350.713,359.267,325.853,1,1,0,0.902,1
2017,GTM,HND,359.267,350.713,359.267,325.853,1,1,0,0.902,1
2018,GTM,HND,359.267,350.713,359.267,325.853,1,1,0,0.902,1
2019,GTM,HND,359.267,350.713,359.267,325.853,1,1,0,0.902,1
2020,GTM,HND,359.267,350.713,359.267,325.853,1,1,0,0.902,1
1995,GTM,HTI,1986.791,1997.701,1986.791,1995.592,0,0,0,0.783,0
1996,GTM,HTI,1986.791,1997.701,1986.791,1995.592,0,0,0,0.783,0
1997,GTM,HTI,1986.791,1997.701,1986.791,1995.592,0,0,0,0.783,0
1998,GTM,HTI,1986.791,1997.701,1986.791,1995.592,0,0,0,0.783,0
1999,GTM,HTI,1986.791,1997.701,1986.791,1995.592,0,0,0,0.783,0
2000,GTM,HTI,1986.791,1997.701,1986.791,1995.592,0,0,0,0.783,0
2001,GTM,HTI,1986.791,1997.701,1986.791,1995.592,0,0,0,0.783,0
2002,GTM,HTI,1986.791,1997.701,1986.791,1995.592,0,0,0,0.783,0
2003,GTM,HTI,1986.791,1997.701,1986.791,1995.592,0,0,0,0.783,0
2004,GTM,HTI,1986.791,1997.701,1986.791,1995.592,0,0,0,0.783,0
2005,GTM,HTI,1986.791,1997.701,1986.791,1995.592,0,0,0,0.783,0
2006,GTM,HTI,1986.791,1997.701,1986.791,1995.592,0,0,0,0.783,0
2007,GTM,HTI,1986.791,1997.701,1986.791,1995.592,0,0,0,0.783,0
2008,GTM,HTI,1986.791,1997.701,1986.791,1995.592,0,0,0,0.783,0
2009,GTM,HTI,1986.791,1997.701,1986.791,1995.592,0,0,0,0.783,0
2010,GTM,HTI,1986.791,1997.701,1986.791,1995.592,0,0,0,0.783,0
2011,GTM,HTI,1986.791,1997.701,1986.791,1995.592,0,0,0,0.783,0
2012,GTM,HTI,1986.791,1997.701,1986.791,1995.592,0,0,0,0.783,0
2013,GTM,HTI,1986.791,1997.701,1986.791,1995.592,0,0,0,0.783,0
2014,GTM,HTI,1986.791,1997.701,1986.791,1995.592,0,0,0,0.783,0
2015,GTM,HTI,1986.791,1997.701,1986.791,1995.592,0,0,0,0.783,0
2016,GTM,HTI,1986.791,1997.701,1986.791,1995.592,0,0,0,0.783,0
2017,GTM,HTI,1986.791,1997.701,1986.791,1995.592,0,0,0,0.783,0
2018,GTM,HTI,1986.791,1997.701,1986.791,1995.592,0,0,0,0.783,0
2019,GTM,HTI,1986.791,1997.701,1986.791,1995.592,0,0,0,0.783,0
2020,GTM,HTI,1986.791,1997.701,1986.791,1995.592,0,0,0,0.783,0
1995,GTM,JAM,1511.007,1507.442,1511.007,1504.502,0,0,0,0.117,0
1996,GTM,JAM,1511.007,1507.442,1511.007,1504.502,0,0,0,0.117,0
1997,GTM,JAM,1511.007,1507.442,1511.007,1504.502,0,0,0,0.117,0
1998,GTM,JAM,1511.007,1507.442,1511.007,1504.502,0,0,0,0.117,0
1999,GTM,JAM,1511.007,1507.442,1511.007,1504.502,0,0,0,0.117,0
2000,GTM,JAM,1511.007,1507.442,1511.007,1504.502,0,0,0,0.117,0
2001,GTM,JAM,1511.007,1507.442,1511.007,1504.502,0,0,0,0.117,0
2002,GTM,JAM,1511.007,1507.442,1511.007,1504.502,0,0,0,0.117,0
2003,GTM,JAM,1511.007,1507.442,1511.007,1504.502,0,0,0,0.117,0
2004,GTM,JAM,1511.007,1507.442,1511.007,1504.502,0,0,0,0.117,0
2005,GTM,JAM,1511.007,1507.442,1511.007,1504.502,0,0,0,0.117,0
2006,GTM,JAM,1511.007,1507.442,1511.007,1504.502,0,0,0,0.117,0
2007,GTM,JAM,1511.007,1507.442,1511.007,1504.502,0,0,0,0.117,0
2008,GTM,JAM,1511.007,1507.442,1511.007,1504.502,0,0,0,0.117,0
2009,GTM,JAM,1511.007,1507.442,1511.007,1504.502,0,0,0,0.117,0
2010,GTM,JAM,1511.007,1507.442,1511.007,1504.502,0,0,0,0.117,0
2011,GTM,JAM,1511.007,1507.442,1511.007,1504.502,0,0,0,0.117,0
2012,GTM,JAM,1511.007,1507.442,1511.007,1504.502,0,0,0,0.117,0
2013,GTM,JAM,1511.007,1507.442,1511.007,1504.502,0,0,0,0.117,0
2014,GTM,JAM,1511.007,1507.442,1511.007,1504.502,0,0,0,0.117,0
2015,GTM,JAM,1511.007,1507.442,1511.007,1504.502,0,0,0,0.117,0
2016,GTM,JAM,1511.007,1507.442,1511.007,1504.502,0,0,0,0.117,0
2017,GTM,JAM,1511.007,1507.442,1511.007,1504.502,0,0,0,0.117,0
2018,GTM,JAM,1511.007,1507.442,1511.007,1504.502,0,0,0,0.117,0
2019,GTM,JAM,1511.007,1507.442,1511.007,1504.502,0,0,0,0.117,0
2020,GTM,JAM,1511.007,1507.442,1511.007,1504.502,0,0,0,0.117,0
1995,GTM,KNA,2986.888,3422.826,2986.888,3084.745,0,0,0,0.103,0
1996,GTM,KNA,2986.888,3422.826,2986.888,3084.745,0,0,0,0.103,0
1997,GTM,KNA,2986.888,3422.826,2986.888,3084.745,0,0,0,0.103,0
1998,GTM,KNA,2986.888,3422.826,2986.888,3084.745,0,0,0,0.103,0
1999,GTM,KNA,2986.888,3422.826,2986.888,3084.745,0,0,0,0.103,0
2000,GTM,KNA,2986.888,3422.826,2986.888,3084.745,0,0,0,0.103,0
2001,GTM,KNA,2986.888,3422.826,2986.888,3084.745,0,0,0,0.103,0
2002,GTM,KNA,2986.888,3422.826,2986.888,3084.745,0,0,0,0.103,0
2003,GTM,KNA,2986.888,3422.826,2986.888,3084.745,0,0,0,0.103,0
2004,GTM,KNA,2986.888,3422.826,2986.888,3084.745,0,0,0,0.103,0
2005,GTM,KNA,2986.888,3422.826,2986.888,3084.745,0,0,0,0.103,0
2006,GTM,KNA,2986.888,3422.826,2986.888,3084.745,0,0,0,0.103,0
2007,GTM,KNA,2986.888,3422.826,2986.888,3084.745,0,0,0,0.103,0
2008,GTM,KNA,2986.888,3422.826,2986.888,3084.745,0,0,0,0.103,0
2009,GTM,KNA,2986.888,3422.826,2986.888,3084.745,0,0,0,0.103,0
2010,GTM,KNA,2986.888,3422.826,2986.888,3084.745,0,0,0,0.103,0
2011,GTM,KNA,2986.888,3422.826,2986.888,3084.745,0,0,0,0.103,0
2012,GTM,KNA,2986.888,3422.826,2986.888,3084.745,0,0,0,0.103,0
2013,GTM,KNA,2986.888,3422.826,2986.888,3084.745,0,0,0,0.103,0
2014,GTM,KNA,2986.888,3422.826,2986.888,3084.745,0,0,0,0.103,0
2015,GTM,KNA,2986.888,3422.826,2986.888,3084.745,0,0,0,0.103,0
2016,GTM,KNA,2986.888,3422.826,2986.888,3084.745,0,0,0,0.103,0
2017,GTM,KNA,2986.888,3422.826,2986.888,3084.745,0,0,0,0.103,0
2018,GTM,KNA,2986.888,3422.826,2986.888,3084.745,0,0,0,0.103,0
2019,GTM,KNA,2986.888,3422.826,2986.888,3084.745,0,0,0,0.103,0
2020,GTM,KNA,2986.888,3422.826,2986.888,3084.745,0,0,0,0.103,0
1995,GTM,LCA,3183.344,3202.143,3183.344,3201.201,0,0,0,0.833,0
1996,GTM,LCA,3183.344,3202.143,3183.344,3201.201,0,0,0,0.833,0
1997,GTM,LCA,3183.344,3202.143,3183.344,3201.201,0,0,0,0.833,0
1998,GTM,LCA,3183.344,3202.143,3183.344,3201.201,0,0,0,0.833,0
1999,GTM,LCA,3183.344,3202.143,3183.344,3201.201,0,0,0,0.833,0
2000,GTM,LCA,3183.344,3202.143,3183.344,3201.201,0,0,0,0.833,0
2001,GTM,LCA,3183.344,3202.143,3183.344,3201.201,0,0,0,0.833,0
2002,GTM,LCA,3183.344,3202.143,3183.344,3201.201,0,0,0,0.833,0
2003,GTM,LCA,3183.344,3202.143,3183.344,3201.201,0,0,0,0.833,0
2004,GTM,LCA,3183.344,3202.143,3183.344,3201.201,0,0,0,0.833,0
2005,GTM,LCA,3183.344,3202.143,3183.344,3201.201,0,0,0,0.833,0
2006,GTM,LCA,3183.344,3202.143,3183.344,3201.201,0,0,0,0.833,0
2007,GTM,LCA,3183.344,3202.143,3183.344,3201.201,0,0,0,0.833,0
2008,GTM,LCA,3183.344,3202.143,3183.344,3201.201,0,0,0,0.833,0
2009,GTM,LCA,3183.344,3202.143,3183.344,3201.201,0,0,0,0.833,0
2010,GTM,LCA,3183.344,3202.143,3183.344,3201.201,0,0,0,0.833,0
2011,GTM,LCA,3183.344,3202.143,3183.344,3201.201,0,0,0,0.833,0
2012,GTM,LCA,3183.344,3202.143,3183.344,3201.201,0,0,0,0.833,0
2013,GTM,LCA,3183.344,3202.143,3183.344,3201.201,0,0,0,0.833,0
2014,GTM,LCA,3183.344,3202.143,3183.344,3201.201,0,0,0,0.833,0
2015,GTM,LCA,3183.344,3202.143,3183.344,3201.201,0,0,0,0.833,0
2016,GTM,LCA,3183.344,3202.143,3183.344,3201.201,0,0,0,0.833,0
2017,GTM,LCA,3183.344,3202.143,3183.344,3201.201,0,0,0,0.833,0
2018,GTM,LCA,3183.344,3202.143,3183.344,3201.201,0,0,0,0.833,0
2019,GTM,LCA,3183.344,3202.143,3183.344,3201.201,0,0,0,0.833,0
2020,GTM,LCA,3183.344,3202.143,3183.344,3201.201,0,0,0,0.833,0
1995,GTM,MEX,1063.046,1427.233,1063.046,1239.568,1,1,0,0.891,0
1996,GTM,MEX,1063.046,1427.233,1063.046,1239.568,1,1,0,0.891,0
1997,GTM,MEX,1063.046,1427.233,1063.046,1239.568,1,1,0,0.891,0
1998,GTM,MEX,1063.046,1427.233,1063.046,1239.568,1,1,0,0.891,0
1999,GTM,MEX,1063.046,1427.233,1063.046,1239.568,1,1,0,0.891,0
2000,GTM,MEX,1063.046,1427.233,1063.046,1239.568,1,1,0,0.891,0
2001,GTM,MEX,1063.046,1427.233,1063.046,1239.568,1,1,0,0.891,1
2002,GTM,MEX,1063.046,1427.233,1063.046,1239.568,1,1,0,0.891,1
2003,GTM,MEX,1063.046,1427.233,1063.046,1239.568,1,1,0,0.891,1
2004,GTM,MEX,1063.046,1427.233,1063.046,1239.568,1,1,0,0.891,1
2005,GTM,MEX,1063.046,1427.233,1063.046,1239.568,1,1,0,0.891,1
2006,GTM,MEX,1063.046,1427.233,1063.046,1239.568,1,1,0,0.891,1
2007,GTM,MEX,1063.046,1427.233,1063.046,1239.568,1,1,0,0.891,1
2008,GTM,MEX,1063.046,1427.233,1063.046,1239.568,1,1,0,0.891,1
2009,GTM,MEX,1063.046,1427.233,1063.046,1239.568,1,1,0,0.891,1
2010,GTM,MEX,1063.046,1427.233,1063.046,1239.568,1,1,0,0.891,1
2011,GTM,MEX,1063.046,1427.233,1063.046,1239.568,1,1,0,0.891,1
2012,GTM,MEX,1063.046,1427.233,1063.046,1239.568,1,1,0,0.891,1
2013,GTM,MEX,1063.046,1427.233,1063.046,1239.568,1,1,0,0.891,0
2014,GTM,MEX,1063.046,1427.233,1063.046,1239.568,1,1,0,0.891,1
2015,GTM,MEX,1063.046,1427.233,1063.046,1239.568,1,1,0,0.891,1
2016,GTM,MEX,1063.046,1427.233,1063.046,1239.568,1,1,0,0.891,1
2017,GTM,MEX,1063.046,1427.233,1063.046,1239.568,1,1,0,0.891,1
2018,GTM,MEX,1063.046,1427.233,1063.046,1239.568,1,1,0,0.891,1
2019,GTM,MEX,1063.046,1427.233,1063.046,1239.568,1,1,0,0.891,1
2020,GTM,MEX,1063.046,1427.233,1063.046,1239.568,1,1,0,0.891,1
1995,GTM,NIC,536.598,555.192,536.598,544.133,0,1,0,0.892,1
1996,GTM,NIC,536.598,555.192,536.598,544.133,0,1,0,0.892,1
1997,GTM,NIC,536.598,555.192,536.598,544.133,0,1,0,0.892,1
1998,GTM,NIC,536.598,555.192,536.598,544.133,0,1,0,0.892,1
1999,GTM,NIC,536.598,555.192,536.598,544.133,0,1,0,0.892,1
2000,GTM,NIC,536.598,555.192,536.598,544.133,0,1,0,0.892,1
2001,GTM,NIC,536.598,555.192,536.598,544.133,0,1,0,0.892,1
2002,GTM,NIC,536.598,555.192,536.598,544.133,0,1,0,0.892,1
2003,GTM,NIC,536.598,555.192,536.598,544.133,0,1,0,0.892,1
2004,GTM,NIC,536.598,555.192,536.598,544.133,0,1,0,0.892,1
2005,GTM,NIC,536.598,555.192,536.598,544.133,0,1,0,0.892,1
2006,GTM,NIC,536.598,555.192,536.598,544.133,0,1,0,0.892,1
2007,GTM,NIC,536.598,555.192,536.598,544.133,0,1,0,0.892,1
2008,GTM,NIC,536.598,555.192,536.598,544.133,0,1,0,0.892,1
2009,GTM,NIC,536.598,555.192,536.598,544.133,0,1,0,0.892,1
2010,GTM,NIC,536.598,555.192,536.598,544.133,0,1,0,0.892,1
2011,GTM,NIC,536.598,555.192,536.598,544.133,0,1,0,0.892,1
2012,GTM,NIC,536.598,555.192,536.598,544.133,0,1,0,0.892,1
2013,GTM,NIC,536.598,555.192,536.598,544.133,0,1,0,0.892,1
2014,GTM,NIC,536.598,555.192,536.598,544.133,0,1,0,0.892,1
2015,GTM,NIC,536.598,555.192,536.598,544.133,0,1,0,0.892,1
2016,GTM,NIC,536.598,555.192,536.598,544.133,0,1,0,0.892,1
2017,GTM,NIC,536.598,555.192,536.598,544.133,0,1,0,0.892,1
2018,GTM,NIC,536.598,555.192,536.598,544.133,0,1,0,0.892,1
2019,GTM,NIC,536.598,555.192,536.598,544.133,0,1,0,0.892,1
2020,GTM,NIC,536.598,555.192,536.598,544.133,0,1,0,0.892,1
1995,GTM,PAN,1356.189,1320.565,1356.189,1311.315,0,1,0,0.802,0
1996,GTM,PAN,1356.189,1320.565,1356.189,1311.315,0,1,0,0.802,0
1997,GTM,PAN,1356.189,1320.565,1356.189,1311.315,0,1,0,0.802,0
1998,GTM,PAN,1356.189,1320.565,1356.189,1311.315,0,1,0,0.802,0
1999,GTM,PAN,1356.189,1320.565,1356.189,1311.315,0,1,0,0.802,0
2000,GTM,PAN,1356.189,1320.565,1356.189,1311.315,0,1,0,0.802,0
2001,GTM,PAN,1356.189,1320.565,1356.189,1311.315,0,1,0,0.802,0
2002,GTM,PAN,1356.189,1320.565,1356.189,1311.315,0,1,0,0.802,0
2003,GTM,PAN,1356.189,1320.565,1356.189,1311.315,0,1,0,0.802,0
2004,GTM,PAN,1356.189,1320.565,1356.189,1311.315,0,1,0,0.802,0
2005,GTM,PAN,1356.189,1320.565,1356.189,1311.315,0,1,0,0.802,0
2006,GTM,PAN,1356.189,1320.565,1356.189,1311.315,0,1,0,0.802,0
2007,GTM,PAN,1356.189,1320.565,1356.189,1311.315,0,1,0,0.802,0
2008,GTM,PAN,1356.189,1320.565,1356.189,1311.315,0,1,0,0.802,0
2009,GTM,PAN,1356.189,1320.565,1356.189,1311.315,0,1,0,0.802,1
2010,GTM,PAN,1356.189,1320.565,1356.189,1311.315,0,1,0,0.802,1
2011,GTM,PAN,1356.189,1320.565,1356.189,1311.315,0,1,0,0.802,1
2012,GTM,PAN,1356.189,1320.565,1356.189,1311.315,0,1,0,0.802,1
2013,GTM,PAN,1356.189,1320.565,1356.189,1311.315,0,1,0,0.802,1
2014,GTM,PAN,1356.189,1320.565,1356.189,1311.315,0,1,0,0.802,1
2015,GTM,PAN,1356.189,1320.565,1356.189,1311.315,0,1,0,0.802,1
2016,GTM,PAN,1356.189,1320.565,1356.189,1311.315,0,1,0,0.802,1
2017,GTM,PAN,1356.189,1320.565,1356.189,1311.315,0,1,0,0.802,1
2018,GTM,PAN,1356.189,1320.565,1356.189,1311.315,0,1,0,0.802,1
2019,GTM,PAN,1356.189,1320.565,1356.189,1311.315,0,1,0,0.802,1
2020,GTM,PAN,1356.189,1320.565,1356.189,1311.315,0,1,0,0.802,1
1995,GTM,PER,3325.267,3282.756,3325.267,3233.813,0,1,0,0.895,0
1996,GTM,PER,3325.267,3282.756,3325.267,3233.813,0,1,0,0.895,0
1997,GTM,PER,3325.267,3282.756,3325.267,3233.813,0,1,0,0.895,0
1998,GTM,PER,3325.267,3282.756,3325.267,3233.813,0,1,0,0.895,0
1999,GTM,PER,3325.267,3282.756,3325.267,3233.813,0,1,0,0.895,0
2000,GTM,PER,3325.267,3282.756,3325.267,3233.813,0,1,0,0.895,0
2001,GTM,PER,3325.267,3282.756,3325.267,3233.813,0,1,0,0.895,0
2002,GTM,PER,3325.267,3282.756,3325.267,3233.813,0,1,0,0.895,0
2003,GTM,PER,3325.267,3282.756,3325.267,3233.813,0,1,0,0.895,0
2004,GTM,PER,3325.267,3282.756,3325.267,3233.813,0,1,0,0.895,0
2005,GTM,PER,3325.267,3282.756,3325.267,3233.813,0,1,0,0.895,0
2006,GTM,PER,3325.267,3282.756,3325.267,3233.813,0,1,0,0.895,0
2007,GTM,PER,3325.267,3282.756,3325.267,3233.813,0,1,0,0.895,0
2008,GTM,PER,3325.267,3282.756,3325.267,3233.813,0,1,0,0.895,0
2009,GTM,PER,3325.267,3282.756,3325.267,3233.813,0,1,0,0.895,0
2010,GTM,PER,3325.267,3282.756,3325.267,3233.813,0,1,0,0.895,0
2011,GTM,PER,3325.267,3282.756,3325.267,3233.813,0,1,0,0.895,0
2012,GTM,PER,3325.267,3282.756,3325.267,3233.813,0,1,0,0.895,0
2013,GTM,PER,3325.267,3282.756,3325.267,3233.813,0,1,0,0.895,0
2014,GTM,PER,3325.267,3282.756,3325.267,3233.813,0,1,0,0.895,0
2015,GTM,PER,3325.267,3282.756,3325.267,3233.813,0,1,0,0.895,0
2016,GTM,PER,3325.267,3282.756,3325.267,3233.813,0,1,0,0.895,0
2017,GTM,PER,3325.267,3282.756,3325.267,3233.813,0,1,0,0.895,0
2018,GTM,PER,3325.267,3282.756,3325.267,3233.813,0,1,0,0.895,0
2019,GTM,PER,3325.267,3282.756,3325.267,3233.813,0,1,0,0.895,0
2020,GTM,PER,3325.267,3282.756,3325.267,3233.813,0,1,0,0.895,0
1995,GTM,PRY,5691.879,5757.99,5691.879,5756.299,0,1,0,0.903,0
1996,GTM,PRY,5691.879,5757.99,5691.879,5756.299,0,1,0,0.903,0
1997,GTM,PRY,5691.879,5757.99,5691.879,5756.299,0,1,0,0.903,0
1998,GTM,PRY,5691.879,5757.99,5691.879,5756.299,0,1,0,0.903,0
1999,GTM,PRY,5691.879,5757.99,5691.879,5756.299,0,1,0,0.903,0
2000,GTM,PRY,5691.879,5757.99,5691.879,5756.299,0,1,0,0.903,0
2001,GTM,PRY,5691.879,5757.99,5691.879,5756.299,0,1,0,0.903,0
2002,GTM,PRY,5691.879,5757.99,5691.879,5756.299,0,1,0,0.903,0
2003,GTM,PRY,5691.879,5757.99,5691.879,5756.299,0,1,0,0.903,0
2004,GTM,PRY,5691.879,5757.99,5691.879,5756.299,0,1,0,0.903,0
2005,GTM,PRY,5691.879,5757.99,5691.879,5756.299,0,1,0,0.903,0
2006,GTM,PRY,5691.879,5757.99,5691.879,5756.299,0,1,0,0.903,0
2007,GTM,PRY,5691.879,5757.99,5691.879,5756.299,0,1,0,0.903,0
2008,GTM,PRY,5691.879,5757.99,5691.879,5756.299,0,1,0,0.903,0
2009,GTM,PRY,5691.879,5757.99,5691.879,5756.299,0,1,0,0.903,0
2010,GTM,PRY,5691.879,5757.99,5691.879,5756.299,0,1,0,0.903,0
2011,GTM,PRY,5691.879,5757.99,5691.879,5756.299,0,1,0,0.903,0
2012,GTM,PRY,5691.879,5757.99,5691.879,5756.299,0,1,0,0.903,0
2013,GTM,PRY,5691.879,5757.99,5691.879,5756.299,0,1,0,0.903,0
2014,GTM,PRY,5691.879,5757.99,5691.879,5756.299,0,1,0,0.903,0
2015,GTM,PRY,5691.879,5757.99,5691.879,5756.299,0,1,0,0.903,0
2016,GTM,PRY,5691.879,5757.99,5691.879,5756.299,0,1,0,0.903,0
2017,GTM,PRY,5691.879,5757.99,5691.879,5756.299,0,1,0,0.903,0
2018,GTM,PRY,5691.879,5757.99,5691.879,5756.299,0,1,0,0.903,0
2019,GTM,PRY,5691.879,5757.99,5691.879,5756.299,0,1,0,0.903,0
2020,GTM,PRY,5691.879,5757.99,5691.879,5756.299,0,1,0,0.903,0
1995,GTM,SLV,181.113,202.124,181.113,188.354,1,1,0,0.905,1
1996,GTM,SLV,181.113,202.124,181.113,188.354,1,1,0,0.905,1
1997,GTM,SLV,181.113,202.124,181.113,188.354,1,1,0,0.905,1
1998,GTM,SLV,181.113,202.124,181.113,188.354,1,1,0,0.905,1
1999,GTM,SLV,181.113,202.124,181.113,188.354,1,1,0,0.905,1
2000,GTM,SLV,181.113,202.124,181.113,188.354,1,1,0,0.905,1
2001,GTM,SLV,181.113,202.124,181.113,188.354,1,1,0,0.905,1
2002,GTM,SLV,181.113,202.124,181.113,188.354,1,1,0,0.905,1
2003,GTM,SLV,181.113,202.124,181.113,188.354,1,1,0,0.905,1
2004,GTM,SLV,181.113,202.124,181.113,188.354,1,1,0,0.905,1
2005,GTM,SLV,181.113,202.124,181.113,188.354,1,1,0,0.905,1
2006,GTM,SLV,181.113,202.124,181.113,188.354,1,1,0,0.905,1
2007,GTM,SLV,181.113,202.124,181.113,188.354,1,1,0,0.905,1
2008,GTM,SLV,181.113,202.124,181.113,188.354,1,1,0,0.905,1
2009,GTM,SLV,181.113,202.124,181.113,188.354,1,1,0,0.905,1
2010,GTM,SLV,181.113,202.124,181.113,188.354,1,1,0,0.905,1
2011,GTM,SLV,181.113,202.124,181.113,188.354,1,1,0,0.905,1
2012,GTM,SLV,181.113,202.124,181.113,188.354,1,1,0,0.905,1
2013,GTM,SLV,181.113,202.124,181.113,188.354,1,1,0,0.905,1
2014,GTM,SLV,181.113,202.124,181.113,188.354,1,1,0,0.905,1
2015,GTM,SLV,181.113,202.124,181.113,188.354,1,1,0,0.905,1
2016,GTM,SLV,181.113,202.124,181.113,188.354,1,1,0,0.905,1
2017,GTM,SLV,181.113,202.124,181.113,188.354,1,1,0,0.905,1
2018,GTM,SLV,181.113,202.124,181.113,188.354,1,1,0,0.905,1
2019,GTM,SLV,181.113,202.124,181.113,188.354,1,1,0,0.905,1
2020,GTM,SLV,181.113,202.124,181.113,188.354,1,1,0,0.905,1
1995,GTM,SUR,3979.619,4090.944,3979.619,4018.285,0,0,0,0.356,0
1996,GTM,SUR,3979.619,4090.944,3979.619,4018.285,0,0,0,0.356,0
1997,GTM,SUR,3979.619,4090.944,3979.619,4018.285,0,0,0,0.356,0
1998,GTM,SUR,3979.619,4090.944,3979.619,4018.285,0,0,0,0.356,0
1999,GTM,SUR,3979.619,4090.944,3979.619,4018.285,0,0,0,0.356,0
2000,GTM,SUR,3979.619,4090.944,3979.619,4018.285,0,0,0,0.356,0
2001,GTM,SUR,3979.619,4090.944,3979.619,4018.285,0,0,0,0.356,0
2002,GTM,SUR,3979.619,4090.944,3979.619,4018.285,0,0,0,0.356,0
2003,GTM,SUR,3979.619,4090.944,3979.619,4018.285,0,0,0,0.356,0
2004,GTM,SUR,3979.619,4090.944,3979.619,4018.285,0,0,0,0.356,0
2005,GTM,SUR,3979.619,4090.944,3979.619,4018.285,0,0,0,0.356,0
2006,GTM,SUR,3979.619,4090.944,3979.619,4018.285,0,0,0,0.356,0
2007,GTM,SUR,3979.619,4090.944,3979.619,4018.285,0,0,0,0.356,0
2008,GTM,SUR,3979.619,4090.944,3979.619,4018.285,0,0,0,0.356,0
2009,GTM,SUR,3979.619,4090.944,3979.619,4018.285,0,0,0,0.356,0
2010,GTM,SUR,3979.619,4090.944,3979.619,4018.285,0,0,0,0.356,0
2011,GTM,SUR,3979.619,4090.944,3979.619,4018.285,0,0,0,0.356,0
2012,GTM,SUR,3979.619,4090.944,3979.619,4018.285,0,0,0,0.356,0
2013,GTM,SUR,3979.619,4090.944,3979.619,4018.285,0,0,0,0.356,0
2014,GTM,SUR,3979.619,4090.944,3979.619,4018.285,0,0,0,0.356,0
2015,GTM,SUR,3979.619,4090.944,3979.619,4018.285,0,0,0,0.356,0
2016,GTM,SUR,3979.619,4090.944,3979.619,4018.285,0,0,0,0.356,0
2017,GTM,SUR,3979.619,4090.944,3979.619,4018.285,0,0,0,0.356,0
2018,GTM,SUR,3979.619,4090.944,3979.619,4018.285,0,0,0,0.356,0
2019,GTM,SUR,3979.619,4090.944,3979.619,4018.285,0,0,0,0.356,0
2020,GTM,SUR,3979.619,4090.944,3979.619,4018.285,0,0,0,0.356,0
1995,GTM,TTO,3178.478,3211.319,3178.478,3210.363,0,0,0,0.343,0
1996,GTM,TTO,3178.478,3211.319,3178.478,3210.363,0,0,0,0.343,0
1997,GTM,TTO,3178.478,3211.319,3178.478,3210.363,0,0,0,0.343,0
1998,GTM,TTO,3178.478,3211.319,3178.478,3210.363,0,0,0,0.343,0
1999,GTM,TTO,3178.478,3211.319,3178.478,3210.363,0,0,0,0.343,0
2000,GTM,TTO,3178.478,3211.319,3178.478,3210.363,0,0,0,0.343,0
2001,GTM,TTO,3178.478,3211.319,3178.478,3210.363,0,0,0,0.343,0
2002,GTM,TTO,3178.478,3211.319,3178.478,3210.363,0,0,0,0.343,0
2003,GTM,TTO,3178.478,3211.319,3178.478,3210.363,0,0,0,0.343,0
2004,GTM,TTO,3178.478,3211.319,3178.478,3210.363,0,0,0,0.343,0
2005,GTM,TTO,3178.478,3211.319,3178.478,3210.363,0,0,0,0.343,0
2006,GTM,TTO,3178.478,3211.319,3178.478,3210.363,0,0,0,0.343,0
2007,GTM,TTO,3178.478,3211.319,3178.478,3210.363,0,0,0,0.343,0
2008,GTM,TTO,3178.478,3211.319,3178.478,3210.363,0,0,0,0.343,0
2009,GTM,TTO,3178.478,3211.319,3178.478,3210.363,0,0,0,0.343,0
2010,GTM,TTO,3178.478,3211.319,3178.478,3210.363,0,0,0,0.343,0
2011,GTM,TTO,3178.478,3211.319,3178.478,3210.363,0,0,0,0.343,0
2012,GTM,TTO,3178.478,3211.319,3178.478,3210.363,0,0,0,0.343,0
2013,GTM,TTO,3178.478,3211.319,3178.478,3210.363,0,0,0,0.343,0
2014,GTM,TTO,3178.478,3211.319,3178.478,3210.363,0,0,0,0.343,0
2015,GTM,TTO,3178.478,3211.319,3178.478,3210.363,0,0,0,0.343,0
2016,GTM,TTO,3178.478,3211.319,3178.478,3210.363,0,0,0,0.343,0
2017,GTM,TTO,3178.478,3211.319,3178.478,3210.363,0,0,0,0.343,0
2018,GTM,TTO,3178.478,3211.319,3178.478,3210.363,0,0,0,0.343,0
2019,GTM,TTO,3178.478,3211.319,3178.478,3210.363,0,0,0,0.343,0
2020,GTM,TTO,3178.478,3211.319,3178.478,3210.363,0,0,0,0.343,0
1995,GTM,URY,6600.935,6546.143,6600.935,6543.324,0,1,0,0.56,0
1996,GTM,URY,6600.935,6546.143,6600.935,6543.324,0,1,0,0.56,0
1997,GTM,URY,6600.935,6546.143,6600.935,6543.324,0,1,0,0.56,0
1998,GTM,URY,6600.935,6546.143,6600.935,6543.324,0,1,0,0.56,0
1999,GTM,URY,6600.935,6546.143,6600.935,6543.324,0,1,0,0.56,0
2000,GTM,URY,6600.935,6546.143,6600.935,6543.324,0,1,0,0.56,0
2001,GTM,URY,6600.935,6546.143,6600.935,6543.324,0,1,0,0.56,0
2002,GTM,URY,6600.935,6546.143,6600.935,6543.324,0,1,0,0.56,0
2003,GTM,URY,6600.935,6546.143,6600.935,6543.324,0,1,0,0.56,0
2004,GTM,URY,6600.935,6546.143,6600.935,6543.324,0,1,0,0.56,0
2005,GTM,URY,6600.935,6546.143,6600.935,6543.324,0,1,0,0.56,0
2006,GTM,URY,6600.935,6546.143,6600.935,6543.324,0,1,0,0.56,0
2007,GTM,URY,6600.935,6546.143,6600.935,6543.324,0,1,0,0.56,0
2008,GTM,URY,6600.935,6546.143,6600.935,6543.324,0,1,0,0.56,0
2009,GTM,URY,6600.935,6546.143,6600.935,6543.324,0,1,0,0.56,0
2010,GTM,URY,6600.935,6546.143,6600.935,6543.324,0,1,0,0.56,0
2011,GTM,URY,6600.935,6546.143,6600.935,6543.324,0,1,0,0.56,0
2012,GTM,URY,6600.935,6546.143,6600.935,6543.324,0,1,0,0.56,0
2013,GTM,URY,6600.935,6546.143,6600.935,6543.324,0,1,0,0.56,0
2014,GTM,URY,6600.935,6546.143,6600.935,6543.324,0,1,0,0.56,0
2015,GTM,URY,6600.935,6546.143,6600.935,6543.324,0,1,0,0.56,0
2016,GTM,URY,6600.935,6546.143,6600.935,6543.324,0,1,0,0.56,0
2017,GTM,URY,6600.935,6546.143,6600.935,6543.324,0,1,0,0.56,0
2018,GTM,URY,6600.935,6546.143,6600.935,6543.324,0,1,0,0.56,0
2019,GTM,URY,6600.935,6546.143,6600.935,6543.324,0,1,0,0.56,0
2020,GTM,URY,6600.935,6546.143,6600.935,6543.324,0,1,0,0.56,0
1995,GTM,VCT,3165.425,3185.376,3165.425,3184.433,0,0,0,0.202,0
1996,GTM,VCT,3165.425,3185.376,3165.425,3184.433,0,0,0,0.202,0
1997,GTM,VCT,3165.425,3185.376,3165.425,3184.433,0,0,0,0.202,0
1998,GTM,VCT,3165.425,3185.376,3165.425,3184.433,0,0,0,0.202,0
1999,GTM,VCT,3165.425,3185.376,3165.425,3184.433,0,0,0,0.202,0
2000,GTM,VCT,3165.425,3185.376,3165.425,3184.433,0,0,0,0.202,0
2001,GTM,VCT,3165.425,3185.376,3165.425,3184.433,0,0,0,0.202,0
2002,GTM,VCT,3165.425,3185.376,3165.425,3184.433,0,0,0,0.202,0
2003,GTM,VCT,3165.425,3185.376,3165.425,3184.433,0,0,0,0.202,0
2004,GTM,VCT,3165.425,3185.376,3165.425,3184.433,0,0,0,0.202,0
2005,GTM,VCT,3165.425,3185.376,3165.425,3184.433,0,0,0,0.202,0
2006,GTM,VCT,3165.425,3185.376,3165.425,3184.433,0,0,0,0.202,0
2007,GTM,VCT,3165.425,3185.376,3165.425,3184.433,0,0,0,0.202,0
2008,GTM,VCT,3165.425,3185.376,3165.425,3184.433,0,0,0,0.202,0
2009,GTM,VCT,3165.425,3185.376,3165.425,3184.433,0,0,0,0.202,0
2010,GTM,VCT,3165.425,3185.376,3165.425,3184.433,0,0,0,0.202,0
2011,GTM,VCT,3165.425,3185.376,3165.425,3184.433,0,0,0,0.202,0
2012,GTM,VCT,3165.425,3185.376,3165.425,3184.433,0,0,0,0.202,0
2013,GTM,VCT,3165.425,3185.376,3165.425,3184.433,0,0,0,0.202,0
2014,GTM,VCT,3165.425,3185.376,3165.425,3184.433,0,0,0,0.202,0
2015,GTM,VCT,3165.425,3185.376,3165.425,3184.433,0,0,0,0.202,0
2016,GTM,VCT,3165.425,3185.376,3165.425,3184.433,0,0,0,0.202,0
2017,GTM,VCT,3165.425,3185.376,3165.425,3184.433,0,0,0,0.202,0
2018,GTM,VCT,3165.425,3185.376,3165.425,3184.433,0,0,0,0.202,0
2019,GTM,VCT,3165.425,3185.376,3165.425,3184.433,0,0,0,0.202,0
2020,GTM,VCT,3165.425,3185.376,3165.425,3184.433,0,0,0,0.202,0
