year,reporter_iso,partner_iso,trade_value,dist,distw,distcap,distwces,cont,lang,ccol,crel,rta
1995,GTM,ARG,841266,6446.824,6217.216,6446.824,6189.426,0,1,0,0.862,0
1996,GTM,ARG,1005883,6446.824,6217.216,6446.824,6189.426,0,1,0,0.862,0
1997,GTM,ARG,412233,6446.824,6217.216,6446.824,6189.426,0,1,0,0.862,0
1998,GTM,ARG,2148047,6446.824,6217.216,6446.824,6189.426,0,1,0,0.862,0
1999,GTM,ARG,1487901,6446.824,6217.216,6446.824,6189.426,0,1,0,0.862,0
2000,GTM,ARG,480945,6446.824,6217.216,6446.824,6189.426,0,1,0,0.862,0
2001,GTM,ARG,527646,6446.824,6217.216,6446.824,6189.426,0,1,0,0.862,0
2002,GTM,ARG,211404,6446.824,6217.216,6446.824,6189.426,0,1,0,0.862,0
2003,GTM,ARG,95779,6446.824,6217.216,6446.824,6189.426,0,1,0,0.862,0
2004,GTM,ARG,1236309,6446.824,6217.216,6446.824,6189.426,0,1,0,0.862,0
2005,GTM,ARG,1902379,6446.824,6217.216,6446.824,6189.426,0,1,0,0.862,0
2006,GTM,ARG,1837228,6446.824,6217.216,6446.824,6189.426,0,1,0,0.862,0
2007,GTM,ARG,4094439,6446.824,6217.216,6446.824,6189.426,0,1,0,0.862,0
2008,GTM,ARG,4571393,6446.824,6217.216,6446.824,6189.426,0,1,0,0.862,0
2009,GTM,ARG,3082904,6446.824,6217.216,6446.824,6189.426,0,1,0,0.862,0
2010,GTM,ARG,4204360,6446.824,6217.216,6446.824,6189.426,0,1,0,0.862,0
2011,GTM,ARG,8763960,6446.824,6217.216,6446.824,6189.426,0,1,0,0.862,0
2012,GTM,ARG,4902777,6446.824,6217.216,6446.824,6189.426,0,1,0,0.862,0
2013,GTM,ARG,5718794,6446.824,6217.216,6446.824,6189.426,0,1,0,0.862,0
2014,GTM,ARG,3100304,6446.824,6217.216,6446.824,6189.426,0,1,0,0.862,0
2015,GTM,ARG,7456760,6446.824,6217.216,6446.824,6189.426,0,1,0,0.862,0
2016,GTM,ARG,4699216,6446.824,6217.216,6446.824,6189.426,0,1,0,0.862,0
2017,GTM,ARG,3055183,6446.824,6217.216,6446.824,6189.426,0,1,0,0.862,0
2018,GTM,ARG,3889532,6446.824,6217.216,6446.824,6189.426,0,1,0,0.862,0
2019,GTM,ARG,2659268,6446.824,6217.216,6446.824,6189.426,0,1,0,0.862,0
2020,GTM,ARG,1798194,6446.824,6217.216,6446.824,6189.426,0,1,0,0.862,0
1995,GTM,BHS,217830,1802.478,1821.662,1802.478,1819.874,0,0,0,0.263,0
1996,GTM,BHS,95834,1802.478,1821.662,1802.478,1819.874,0,0,0,0.263,0
1997,GTM,BHS,106648,1802.478,1821.662,1802.478,1819.874,0,0,0,0.263,0
1998,GTM,BHS,91523,1802.478,1821.662,1802.478,1819.874,0,0,0,0.263,0
1999,GTM,BHS,49356,1802.478,1821.662,1802.478,1819.874,0,0,0,0.263,0
2000,GTM,BHS,203365,1802.478,1821.662,1802.478,1819.874,0,0,0,0.263,0
2001,GTM,BHS,210270,1802.478,1821.662,1802.478,1819.874,0,0,0,0.263,0
2002,GTM,BHS,415464,1802.478,1821.662,1802.478,1819.874,0,0,0,0.263,0
2003,GTM,BHS,41411,1802.478,1821.662,1802.478,1819.874,0,0,0,0.263,0
2004,GTM,BHS,1606428,1802.478,1821.662,1802.478,1819.874,0,0,0,0.263,0
2005,GTM,BHS,1224591,1802.478,1821.662,1802.478,1819.874,0,0,0,0.263,0
2006,GTM,BHS,230063,1802.478,1821.662,1802.478,1819.874,0,0,0,0.263,0
2007,GTM,BHS,943918,1802.478,1821.662,1802.478,1819.874,0,0,0,0.263,0
2008,GTM,BHS,1591905,1802.478,1821.662,1802.478,1819.874,0,0,0,0.263,0
2009,GTM,BHS,1041929,1802.478,1821.662,1802.478,1819.874,0,0,0,0.263,0
2010,GTM,BHS,875866,1802.478,1821.662,1802.478,1819.874,0,0,0,0.263,0
2011,GTM,BHS,974164,1802.478,1821.662,1802.478,1819.874,0,0,0,0.263,0
2012,GTM,BHS,4209327,1802.478,1821.662,1802.478,1819.874,0,0,0,0.263,0
2013,GTM,BHS,968813,1802.478,1821.662,1802.478,1819.874,0,0,0,0.263,0
2014,GTM,BHS,3039483,1802.478,1821.662,1802.478,1819.874,0,0,0,0.263,0
2015,GTM,BHS,5042867,1802.478,1821.662,1802.478,1819.874,0,0,0,0.263,0
2016,GTM,BHS,6844315,1802.478,1821.662,1802.478,1819.874,0,0,0,0.263,0
2017,GTM,BHS,7784543,1802.478,1821.662,1802.478,1819.874,0,0,0,0.263,0
2018,GTM,BHS,8752929,1802.478,1821.662,1802.478,1819.874,0,0,0,0.263,0
2019,GTM,BHS,6064715,1802.478,1821.662,1802.478,1819.874,0,0,0,0.263,0
2020,GTM,BHS,5054382,1802.478,1821.662,1802.478,1819.874,0,0,0,0.263,0
1995,GTM,BLZ,3912380,341.203,397.851,341.203,382.899,1,1,0,0.634,0
1996,GTM,BLZ,6292165,341.203,397.851,341.203,382.899,1,1,0,0.634,0
1997,GTM,BLZ,6877385,341.203,397.851,341.203,382.899,1,1,0,0.634,0
1998,GTM,BLZ,7187896,341.203,397.851,341.203,382.899,1,1,0,0.634,0
1999,GTM,BLZ,10863830,341.203,397.851,341.203,382.899,1,1,0,0.634,0
2000,GTM,BLZ,12977383,341.203,397.851,341.203,382.899,1,1,0,0.634,0
2001,GTM,BLZ,13763489,341.203,397.851,341.203,382.899,1,1,0,0.634,0
2002,GTM,BLZ,19493980,341.203,397.851,341.203,382.899,1,1,0,0.634,0
2003,GTM,BLZ,29497772,341.203,397.851,341.203,382.899,1,1,0,0.634,0
2004,GTM,BLZ,35096523,341.203,397.851,341.203,382.899,1,1,0,0.634,0
2005,GTM,BLZ,39046389,341.203,397.851,341.203,382.899,1,1,0,0.634,0
2006,GTM,BLZ,37815018,341.203,397.851,341.203,382.899,1,1,0,0.634,0
2007,GTM,BLZ,50899777,341.203,397.851,341.203,382.899,1,1,0,0.634,0
2008,GTM,BLZ,57920518,341.203,397.851,341.203,382.899,1,1,0,0.634,0
2009,GTM,BLZ,48130387,341.203,397.851,341.203,382.899,1,1,0,0.634,0
2010,GTM,BLZ,48080201,341.203,397.851,341.203,382.899,1,1,0,0.634,0
2011,GTM,BLZ,50337165,341.203,397.851,341.203,382.899,1,1,0,0.634,0
2012,GTM,BLZ,53857072,341.203,397.851,341.203,382.899,1,1,0,0.634,0
2013,GTM,BLZ,65675991,341.203,397.851,341.203,382.899,1,1,0,0.634,0
2014,GTM,BLZ,91168033,341.203,397.851,341.203,382.899,1,1,0,0.634,0
2015,GTM,BLZ,85532830,341.203,397.851,341.203,382.899,1,1,0,0.634,0
2016,GTM,BLZ,70893600,341.203,397.851,341.203,382.899,1,1,0,0.634,0
2017,GTM,BLZ,71823005,341.203,397.851,341.203,382.899,1,1,0,0.634,0
2018,GTM,BLZ,87721228,341.203,397.851,341.203,382.899,1,1,0,0.634,0
2019,GTM,BLZ,102592424,341.203,397.851,341.203,382.899,1,1,0,0.634,0
2020,GTM,BLZ,78761758,341.203,397.851,341.203,382.899,1,1,0,0.634,0
1995,GTM,BOL,17859,4247.32,4496.198,4663.383,4483.413,0,1,0,0.871,0
1996,GTM,BOL,290535,4247.32,4496.198,4663.383,4483.413,0,1,0,0.871,0
1997,GTM,BOL,1042432,4247.32,4496.198,4663.383,4483.413,0,1,0,0.871,0
1998,GTM,BOL,129271,4247.32,4496.198,4663.383,4483.413,0,1,0,0.871,0
1999,GTM,BOL,63304,4247.32,4496.198,4663.383,4483.413,0,1,0,0.871,0
2000,GTM,BOL,54128,4247.32,4496.198,4663.383,4483.413,0,1,0,0.871,0
2001,GTM,BOL,57546,4247.32,4496.198,4663.383,4483.413,0,1,0,0.871,0
2002,GTM,BOL,46868,4247.32,4496.198,4663.383,4483.413,0,1,0,0.871,0
2003,GTM,BOL,101651,4247.32,4496.198,4663.383,4483.413,0,1,0,0.871,0
2004,GTM,BOL,299076,4247.32,4496.198,4663.383,4483.413,0,1,0,0.871,0
2005,GTM,BOL,272083,4247.32,4496.198,4663.383,4483.413,0,1,0,0.871,0
2006,GTM,BOL,332295,4247.32,4496.198,4663.383,4483.413,0,1,0,0.871,0
2007,GTM,BOL,675128,4247.32,4496.198,4663.383,4483.413,0,1,0,0.871,0
2008,GTM,BOL,1363666,4247.32,4496.198,4663.383,4483.413,0,1,0,0.871,0
2009,GTM,BOL,1595720,4247.32,4496.198,4663.383,4483.413,0,1,0,0.871,0
2010,GTM,BOL,1041889,4247.32,4496.198,4663.383,4483.413,0,1,0,0.871,0
2011,GTM,BOL,1002966,4247.32,4496.198,4663.383,4483.413,0,1,0,0.871,0
2012,GTM,BOL,1175231,4247.32,4496.198,4663.383,4483.413,0,1,0,0.871,0
2013,GTM,BOL,1986356,4247.32,4496.198,4663.383,4483.413,0,1,0,0.871,0
2014,GTM,BOL,1727049,4247.32,4496.198,4663.383,4483.413,0,1,0,0.871,0
2015,GTM,BOL,1175902,4247.32,4496.198,4663.383,4483.413,0,1,0,0.871,0
2016,GTM,BOL,2182273,4247.32,4496.198,4663.383,4483.413,0,1,0,0.871,0
2017,GTM,BOL,2225934,4247.32,4496.198,4663.383,4483.413,0,1,0,0.871,0
2018,GTM,BOL,3136340,4247.32,4496.198,4663.383,4483.413,0,1,0,0.871,0
2019,GTM,BOL,5140725,4247.32,4496.198,4663.383,4483.413,0,1,0,0.871,0
2020,GTM,BOL,5972975,4247.32,4496.198,4663.383,4483.413,0,1,0,0.871,0
1995,GTM,BRA,946700,6390.672,6234.895,5779.934,6159.761,0,0,0,0.827,0
1996,GTM,BRA,1889491,6390.672,6234.895,5779.934,6159.761,0,0,0,0.827,0
1997,GTM,BRA,3707538,6390.672,6234.895,5779.934,6159.761,0,0,0,0.827,0
1998,GTM,BRA,339240,6390.672,6234.895,5779.934,6159.761,0,0,0,0.827,0
1999,GTM,BRA,855645,6390.672,6234.895,5779.934,6159.761,0,0,0,0.827,0
2000,GTM,BRA,373971,6390.672,6234.895,5779.934,6159.761,0,0,0,0.827,0
2001,GTM,BRA,251063,6390.672,6234.895,5779.934,6159.761,0,0,0,0.827,0
2002,GTM,BRA,580652,6390.672,6234.895,5779.934,6159.761,0,0,0,0.827,0
2003,GTM,BRA,539867,6390.672,6234.895,5779.934,6159.761,0,0,0,0.827,0
2004,GTM,BRA,884534,6390.672,6234.895,5779.934,6159.761,0,0,0,0.827,0
2005,GTM,BRA,2178721,6390.672,6234.895,5779.934,6159.761,0,0,0,0.827,0
2006,GTM,BRA,1965011,6390.672,6234.895,5779.934,6159.761,0,0,0,0.827,0
2007,GTM,BRA,14318545,6390.672,6234.895,5779.934,6159.761,0,0,0,0.827,0
2008,GTM,BRA,18976242,6390.672,6234.895,5779.934,6159.761,0,0,0,0.827,0
2009,GTM,BRA,14324723,6390.672,6234.895,5779.934,6159.761,0,0,0,0.827,0
2010,GTM,BRA,13216132,6390.672,6234.895,5779.934,6159.761,0,0,0,0.827,0
2011,GTM,BRA,21052007,6390.672,6234.895,5779.934,6159.761,0,0,0,0.827,0
2012,GTM,BRA,11091484,6390.672,6234.895,5779.934,6159.761,0,0,0,0.827,0
2013,GTM,BRA,16305580,6390.672,6234.895,5779.934,6159.761,0,0,0,0.827,0
2014,GTM,BRA,19138114,6390.672,6234.895,5779.934,6159.761,0,0,0,0.827,0
2015,GTM,BRA,20043254,6390.672,6234.895,5779.934,6159.761,0,0,0,0.827,0
2016,GTM,BRA,36080907,6390.672,6234.895,5779.934,6159.761,0,0,0,0.827,0
2017,GTM,BRA,36946231,6390.672,6234.895,5779.934,6159.761,0,0,0,0.827,0
2018,GTM,BRA,44409082,6390.672,6234.895,5779.934,6159.761,0,0,0,0.827,0
2019,GTM,BRA,32094326,6390.672,6234.895,5779.934,6159.761,0,0,0,0.827,0
2020,GTM,BRA,40644855,6390.672,6234.895,5779.934,6159.761,0,0,0,0.827,0
1995,GTM,BRB,2165031,3340.769,3359.491,3340.769,3358.599,0,0,0,0.072,0
1996,GTM,BRB,3263339,3340.769,3359.491,3340.769,3358.599,0,0,0,0.072,0
1997,GTM,BRB,3586577,3340.769,3359.491,3340.769,3358.599,0,0,0,0.072,0
1998,GTM,BRB,5073353,3340.769,3359.491,3340.769,3358.599,0,0,0,0.072,0
1999,GTM,BRB,4019479,3340.769,3359.491,3340.769,3358.599,0,0,0,0.072,0
2000,GTM,BRB,3938557,3340.769,3359.491,3340.769,3358.599,0,0,0,0.072,0
2001,GTM,BRB,1377557,3340.769,3359.491,3340.769,3358.599,0,0,0,0.072,0
2002,GTM,BRB,715015,3340.769,3359.491,3340.769,3358.599,0,0,0,0.072,0
2003,GTM,BRB,355884,3340.769,3359.491,3340.769,3358.599,0,0,0,0.072,0
2004,GTM,BRB,1707910,3340.769,3359.491,3340.769,3358.599,0,0,0,0.072,0
2005,GTM,BRB,2619372,3340.769,3359.491,3340.769,3358.599,0,0,0,0.072,0
2006,GTM,BRB,264018,3340.769,3359.491,3340.769,3358.599,0,0,0,0.072,0
2007,GTM,BRB,1096160,3340.769,3359.491,3340.769,3358.599,0,0,0,0.072,0
2008,GTM,BRB,2461293,3340.769,3359.491,3340.769,3358.599,0,0,0,0.072,0
2009,GTM,BRB,1377443,3340.769,3359.491,3340.769,3358.599,0,0,0,0.072,0
2010,GTM,BRB,2404308,3340.769,3359.491,3340.769,3358.599,0,0,0,0.072,0
2011,GTM,BRB,3278877,3340.769,3359.491,3340.769,3358.599,0,0,0,0.072,0
2012,GTM,BRB,1520620,3340.769,3359.491,3340.769,3358.599,0,0,0,0.072,0
2013,GTM,BRB,26823809,3340.769,3359.491,3340.769,3358.599,0,0,0,0.072,0
2014,GTM,BRB,1866322,3340.769,3359.491,3340.769,3358.599,0,0,0,0.072,0
2015,GTM,BRB,3093448,3340.769,3359.491,3340.769,3358.599,0,0,0,0.072,0
2016,GTM,BRB,3283091,3340.769,3359.491,3340.769,3358.599,0,0,0,0.072,0
2017,GTM,BRB,3071721,3340.769,3359.491,3340.769,3358.599,0,0,0,0.072,0
2018,GTM,BRB,1676264,3340.769,3359.491,3340.769,3358.599,0,0,0,0.072,0
2019,GTM,BRB,2717680,3340.769,3359.491,3340.769,3358.599,0,0,0,0.072,0
2020,GTM,BRB,5149483,3340.769,3359.491,3340.769,3358.599,0,0,0,0.072,0
1995,GTM,CHL,19035766,5756.752,5734.597,5756.752,5693.204,0,1,0,0.773,0
1996,GTM,CHL,13489715,5756.752,5734.597,5756.752,5693.204,0,1,0,0.773,0
1997,GTM,CHL,26830919,5756.752,5734.597,5756.752,5693.204,0,1,0,0.773,0
1998,GTM,CHL,11773929,5756.752,5734.597,5756.752,5693.204,0,1,0,0.773,0
1999,GTM,CHL,15111957,5756.752,5734.597,5756.752,5693.204,0,1,0,0.773,0
2000,GTM,CHL,11539243,5756.752,5734.597,5756.752,5693.204,0,1,0,0.773,0
2001,GTM,CHL,1782554,5756.752,5734.597,5756.752,5693.204,0,1,0,0.773,0
2002,GTM,CHL,8542691,5756.752,5734.597,5756.752,5693.204,0,1,0,0.773,0
2003,GTM,CHL,3367756,5756.752,5734.597,5756.752,5693.204,0,1,0,0.773,0
2004,GTM,CHL,7232866,5756.752,5734.597,5756.752,5693.204,0,1,0,0.773,0
2005,GTM,CHL,11557766,5756.752,5734.597,5756.752,5693.204,0,1,0,0.773,0
2006,GTM,CHL,6268391,5756.752,5734.597,5756.752,5693.204,0,1,0,0.773,0
2007,GTM,CHL,43417976,5756.752,5734.597,5756.752,5693.204,0,1,0,0.773,0
2008,GTM,CHL,97924825,5756.752,5734.597,5756.752,5693.204,0,1,0,0.773,0
2009,GTM,CHL,95336817,5756.752,5734.597,5756.752,5693.204,0,1,0,0.773,0
2010,GTM,CHL,91594071,5756.752,5734.597,5756.752,5693.204,0,1,0,0.773,1
2011,GTM,CHL,135617795,5756.752,5734.597,5756.752,5693.204,0,1,0,0.773,1
2012,GTM,CHL,130181737,5756.752,5734.597,5756.752,5693.204,0,1,0,0.773,1
2013,GTM,CHL,107714969,5756.752,5734.597,5756.752,5693.204,0,1,0,0.773,1
2014,GTM,CHL,112662035,5756.752,5734.597,5756.752,5693.204,0,1,0,0.773,1
2015,GTM,CHL,104899579,5756.752,5734.597,5756.752,5693.204,0,1,0,0.773,1
2016,GTM,CHL,90557100,5756.752,5734.597,5756.752,5693.204,0,1,0,0.773,1
2017,GTM,CHL,94850704,5756.752,5734.597,5756.752,5693.204,0,1,0,0.773,1
2018,GTM,CHL,119815681,5756.752,5734.597,5756.752,5693.204,0,1,0,0.773,1
2019,GTM,CHL,110533049,5756.752,5734.597,5756.752,5693.204,0,1,0,0.773,1
2020,GTM,CHL,95934767,5756.752,5734.597,5756.752,5693.204,0,1,0,0.773,1
1995,GTM,COL,6561786,2025.943,2005.588,2025.943,1994.056,0,1,0,0.908,0
1996,GTM,COL,9622285,2025.943,2005.588,2025.943,1994.056,0,1,0,0.908,0
1997,GTM,COL,8651054,2025.943,2005.588,2025.943,1994.056,0,1,0,0.908,0
1998,GTM,COL,7412935,2025.943,2005.588,2025.943,1994.056,0,1,0,0.908,0
1999,GTM,COL,7741468,2025.943,2005.588,2025.943,1994.056,0,1,0,0.908,0
2000,GTM,COL,10150373,2025.943,2005.588,2025.943,1994.056,0,1,0,0.908,0
2001,GTM,COL,7130678,2025.943,2005.588,2025.943,1994.056,0,1,0,0.908,0
2002,GTM,COL,7596470,2025.943,2005.588,2025.943,1994.056,0,1,0,0.908,0
2003,GTM,COL,6634984,2025.943,2005.588,2025.943,1994.056,0,1,0,0.908,0
2004,GTM,COL,6878214,2025.943,2005.588,2025.943,1994.056,0,1,0,0.908,0
2005,GTM,COL,15017427,2025.943,2005.588,2025.943,1994.056,0,1,0,0.908,0
2006,GTM,COL,15037103,2025.943,2005.588,2025.943,1994.056,0,1,0,0.908,0
2007,GTM,COL,26170608,2025.943,2005.588,2025.943,1994.056,0,1,0,0.908,0
2008,GTM,COL,40193750,2025.943,2005.588,2025.943,1994.056,0,1,0,0.908,0
2009,GTM,COL,31908707,2025.943,2005.588,2025.943,1994.056,0,1,0,0.908,1
2010,GTM,COL,54346952,2025.943,2005.588,2025.943,1994.056,0,1,0,0.908,1
2011,GTM,COL,67440005,2025.943,2005.588,2025.943,1994.056,0,1,0,0.908,1
2012,GTM,COL,61245094,2025.943,2005.588,2025.943,1994.056,0,1,0,0.908,1
2013,GTM,COL,38643945,2025.943,2005.588,2025.943,1994.056,0,1,0,0.908,1
2014,GTM,COL,52935581,2025.943,2005.588,2025.943,1994.056,0,1,0,0.908,1
2015,GTM,COL,62203972,2025.943,2005.588,2025.943,1994.056,0,1,0,0.908,1
2016,GTM,COL,54425620,2025.943,2005.588,2025.943,1994.056,0,1,0,0.908,1
2017,GTM,COL,62123526,2025.943,2005.588,2025.943,1994.056,0,1,0,0.908,1
2018,GTM,COL,36023108,2025.943,2005.588,2025.943,1994.056,0,1,0,0.908,1
2019,GTM,COL,42984342,2025.943,2005.588,2025.943,1994.056,0,1,0,0.908,1
2020,GTM,COL,43335283,2025.943,2005.588,2025.943,1994.056,0,1,0,0.908,1
1995,GTM,CRI,100993689,871.464,881.039,871.464,875.278,0,1,0,0.854,1
1996,GTM,CRI,99751827,871.464,881.039,871.464,875.278,0,1,0,0.854,1
1997,GTM,CRI,111862827,871.464,881.039,871.464,875.278,0,1,0,0.854,1
1998,GTM,CRI,119962500,871.464,881.039,871.464,875.278,0,1,0,0.854,1
1999,GTM,CRI,121179398,871.464,881.039,871.464,875.278,0,1,0,0.854,1
2000,GTM,CRI,126801397,871.464,881.039,871.464,875.278,0,1,0,0.854,1
2001,GTM,CRI,156339613,871.464,881.039,871.464,875.278,0,1,0,0.854,1
2002,GTM,CRI,142448910,871.464,881.039,871.464,875.278,0,1,0,0.854,1
2003,GTM,CRI,152557172,871.464,881.039,871.464,875.278,0,1,0,0.854,1
2004,GTM,CRI,181210200,871.464,881.039,871.464,875.278,0,1,0,0.854,1
2005,GTM,CRI,205177257,871.464,881.039,871.464,875.278,0,1,0,0.854,1
2006,GTM,CRI,120316284,871.464,881.039,871.464,875.278,0,1,0,0.854,1
2007,GTM,CRI,257684579,871.464,881.039,871.464,875.278,0,1,0,0.854,1
2008,GTM,CRI,318501137,871.464,881.039,871.464,875.278,0,1,0,0.854,1
2009,GTM,CRI,283746028,871.464,881.039,871.464,875.278,0,1,0,0.854,1
2010,GTM,CRI,347004930,871.464,881.039,871.464,875.278,0,1,0,0.854,1
2011,GTM,CRI,403525921,871.464,881.039,871.464,875.278,0,1,0,0.854,1
2012,GTM,CRI,424453857,871.464,881.039,871.464,875.278,0,1,0,0.854,1
2013,GTM,CRI,396184489,871.464,881.039,871.464,875.278,0,1,0,0.854,1
2014,GTM,CRI,418346537,871.464,881.039,871.464,875.278,0,1,0,0.854,1
2015,GTM,CRI,417674839,871.464,881.039,871.464,875.278,0,1,0,0.854,1
2016,GTM,CRI,425795685,871.464,881.039,871.464,875.278,0,1,0,0.854,1
2017,GTM,CRI,423428182,871.464,881.039,871.464,875.278,0,1,0,0.854,1
2018,GTM,CRI,429366757,871.464,881.039,871.464,875.278,0,1,0,0.854,1
2019,GTM,CRI,427719981,871.464,881.039,871.464,875.278,0,1,0,0.854,1
2020,GTM,CRI,445103889,871.464,881.039,871.464,875.278,0,1,0,0.854,1
1995,GTM,CUB,1321084,1271.713,1441.444,1271.713,1415.994,0,1,0,0.301,0
1996,GTM,CUB,2531750,1271.713,1441.444,1271.713,1415.994,0,1,0,0.301,0
1997,GTM,CUB,4876394,1271.713,1441.444,1271.713,1415.994,0,1,0,0.301,0
1998,GTM,CUB,2069700,1271.713,1441.444,1271.713,1415.994,0,1,0,0.301,0
1999,GTM,CUB,1978709,1271.713,1441.444,1271.713,1415.994,0,1,0,0.301,0
2000,GTM,CUB,2222021,1271.713,1441.444,1271.713,1415.994,0,1,0,0.301,0
2001,GTM,CUB,4729729,1271.713,1441.444,1271.713,1415.994,0,1,0,0.301,0
2002,GTM,CUB,3797176,1271.713,1441.444,1271.713,1415.994,0,1,0,0.301,0
2003,GTM,CUB,9087068,1271.713,1441.444,1271.713,1415.994,0,1,0,0.301,0
2004,GTM,CUB,10166199,1271.713,1441.444,1271.713,1415.994,0,1,0,0.301,0
2005,GTM,CUB,10632024,1271.713,1441.444,1271.713,1415.994,0,1,0,0.301,0
2006,GTM,CUB,6981898,1271.713,1441.444,1271.713,1415.994,0,1,0,0.301,0
2007,GTM,CUB,15501561,1271.713,1441.444,1271.713,1415.994,0,1,0,0.301,0
2008,GTM,CUB,26005010,1271.713,1441.444,1271.713,1415.994,0,1,0,0.301,0
2009,GTM,CUB,9668120,1271.713,1441.444,1271.713,1415.994,0,1,0,0.301,0
2010,GTM,CUB,16731648,1271.713,1441.444,1271.713,1415.994,0,1,0,0.301,0
2011,GTM,CUB,12394847,1271.713,1441.444,1271.713,1415.994,0,1,0,0.301,0
2012,GTM,CUB,12670441,1271.713,1441.444,1271.713,1415.994,0,1,0,0.301,0
2013,GTM,CUB,11970360,1271.713,1441.444,1271.713,1415.994,0,1,0,0.301,0
2014,GTM,CUB,17119409,1271.713,1441.444,1271.713,1415.994,0,1,0,0.301,0
2015,GTM,CUB,21643217,1271.713,1441.444,1271.713,1415.994,0,1,0,0.301,0
2016,GTM,CUB,20491249,1271.713,1441.444,1271.713,1415.994,0,1,0,0.301,0
2017,GTM,CUB,39801526,1271.713,1441.444,1271.713,1415.994,0,1,0,0.301,0
2018,GTM,CUB,36493104,1271.713,1441.444,1271.713,1415.994,0,1,0,0.301,0
2019,GTM,CUB,23907184,1271.713,1441.444,1271.713,1415.994,0,1,0,0.301,0
2020,GTM,CUB,8858231,1271.713,1441.444,1271.713,1415.994,0,1,0,0.301,0
1995,GTM,DMA,117613,3131.07,3149.72,3131.07,3148.748,0,0,0,0.848,0
1996,GTM,DMA,253899,3131.07,3149.72,3131.07,3148.748,0,0,0,0.848,0
1997,GTM,DMA,44520,3131.07,3149.72,3131.07,3148.748,0,0,0,0.848,0
1998,GTM,DMA,105509,3131.07,3149.72,3131.07,3148.748,0,0,0,0.848,0
1999,GTM,DMA,172541,3131.07,3149.72,3131.07,3148.748,0,0,0,0.848,0
2000,GTM,DMA,116403,3131.07,3149.72,3131.07,3148.748,0,0,0,0.848,0
2001,GTM,DMA,274831,3131.07,3149.72,3131.07,3148.748,0,0,0,0.848,0
2002,GTM,DMA,404720,3131.07,3149.72,3131.07,3148.748,0,0,0,0.848,0
2003,GTM,DMA,1359823,3131.07,3149.72,3131.07,3148.748,0,0,0,0.848,0
2004,GTM,DMA,1097294,3131.07,3149.72,3131.07,3148.748,0,0,0,0.848,0
2005,GTM,DMA,668254,3131.07,3149.72,3131.07,3148.748,0,0,0,0.848,0
2006,GTM,DMA,668161,3131.07,3149.72,3131.07,3148.748,0,0,0,0.848,0
2007,GTM,DMA,959679,3131.07,3149.72,3131.07,3148.748,0,0,0,0.848,0
2008,GTM,DMA,931696,3131.07,3149.72,3131.07,3148.748,0,0,0,0.848,0
2009,GTM,DMA,1230110,3131.07,3149.72,3131.07,3148.748,0,0,0,0.848,0
2010,GTM,DMA,675590,3131.07,3149.72,3131.07,3148.748,0,0,0,0.848,0
2011,GTM,DMA,458654,3131.07,3149.72,3131.07,3148.748,0,0,0,0.848,0
2012,GTM,DMA,965577,3131.07,3149.72,3131.07,3148.748,0,0,0,0.848,0
2013,GTM,DMA,598774,3131.07,3149.72,3131.07,3148.748,0,0,0,0.848,0
2014,GTM,DMA,128344,3131.07,3149.72,3131.07,3148.748,0,0,0,0.848,0
2015,GTM,DMA,151818,3131.07,3149.72,3131.07,3148.748,0,0,0,0.848,0
2016,GTM,DMA,602525,3131.07,3149.72,3131.07,3148.748,0,0,0,0.848,0
2017,GTM,DMA,343371,3131.07,3149.72,3131.07,3148.748,0,0,0,0.848,0
2018,GTM,DMA,547609,3131.07,3149.72,3131.07,3148.748,0,0,0,0.848,0
2019,GTM,DMA,477046,3131.07,3149.72,3131.07,3148.748,0,0,0,0.848,0
2020,GTM,DMA,678273,3131.07,3149.72,3131.07,3148.748,0,0,0,0.848,0
1995,GTM,DOM,16787064,2251.793,2239.722,2251.793,2237.313,0,1,0,0.909,0
1996,GTM,DOM,14148309,2251.793,2239.722,2251.793,2237.313,0,1,0,0.909,0
1997,GTM,DOM,17885404,2251.793,2239.722,2251.793,2237.313,0,1,0,0.909,0
1998,GTM,DOM,22696187,2251.793,2239.722,2251.793,2237.313,0,1,0,0.909,0
1999,GTM,DOM,28926970,2251.793,2239.722,2251.793,2237.313,0,1,0,0.909,0
2000,GTM,DOM,22573952,2251.793,2239.722,2251.793,2237.313,0,1,0,0.909,0
2001,GTM,DOM,19929791,2251.793,2239.722,2251.793,2237.313,0,1,0,0.909,0
2002,GTM,DOM,40809791,2251.793,2239.722,2251.793,2237.313,0,1,0,0.909,1
2003,GTM,DOM,34333608,2251.793,2239.722,2251.793,2237.313,0,1,0,0.909,1
2004,GTM,DOM,32810829,2251.793,2239.722,2251.793,2237.313,0,1,0,0.909,1
2005,GTM,DOM,49131168,2251.793,2239.722,2251.793,2237.313,0,1,0,0.909,1
2006,GTM,DOM,55414769,2251.793,2239.722,2251.793,2237.313,0,1,0,0.909,1
2007,GTM,DOM,91982068,2251.793,2239.722,2251.793,2237.313,0,1,0,0.909,1
2008,GTM,DOM,113619995,2251.793,2239.722,2251.793,2237.313,0,1,0,0.909,1
2009,GTM,DOM,107163140,2251.793,2239.722,2251.793,2237.313,0,1,0,0.909,1
2010,GTM,DOM,133894743,2251.793,2239.722,2251.793,2237.313,0,1,0,0.909,1
2011,GTM,DOM,127187921,2251.793,2239.722,2251.793,2237.313,0,1,0,0.909,1
2012,GTM,DOM,115430120,2251.793,2239.722,2251.793,2237.313,0,1,0,0.909,1
2013,GTM,DOM,127569771,2251.793,2239.722,2251.793,2237.313,0,1,0,0.909,1
2014,GTM,DOM,142086045,2251.793,2239.722,2251.793,2237.313,0,1,0,0.909,1
2015,GTM,DOM,150884662,2251.793,2239.722,2251.793,2237.313,0,1,0,0.909,1
2016,GTM,DOM,149739430,2251.793,2239.722,2251.793,2237.313,0,1,0,0.909,1
2017,GTM,DOM,144877192,2251.793,2239.722,2251.793,2237.313,0,1,0,0.909,1
2018,GTM,DOM,172855441,2251.793,2239.722,2251.793,2237.313,0,1,0,0.909,1
2019,GTM,DOM,169084872,2251.793,2239.722,2251.793,2237.313,0,1,0,0.909,1
2020,GTM,DOM,165021259,2251.793,2239.722,2251.793,2237.313,0,1,0,0.909,1
1995,GTM,ECU,894222,2118.501,2191.345,2118.501,2187.501,0,1,0,0.907,0
1996,GTM,ECU,1541864,2118.501,2191.345,2118.501,2187.501,0,1,0,0.907,0
1997,GTM,ECU,2618401,2118.501,2191.345,2118.501,2187.501,0,1,0,0.907,0
1998,GTM,ECU,3250879,2118.501,2191.345,2118.501,2187.501,0,1,0,0.907,0
1999,GTM,ECU,3845681,2118.501,2191.345,2118.501,2187.501,0,1,0,0.907,0
2000,GTM,ECU,1860803,2118.501,2191.345,2118.501,2187.501,0,1,0,0.907,0
2001,GTM,ECU,812726,2118.501,2191.345,2118.501,2187.501,0,1,0,0.907,0
2002,GTM,ECU,1846572,2118.501,2191.345,2118.501,2187.501,0,1,0,0.907,0
2003,GTM,ECU,2312076,2118.501,2191.345,2118.501,2187.501,0,1,0,0.907,0
2004,GTM,ECU,6008077,2118.501,2191.345,2118.501,2187.501,0,1,0,0.907,0
2005,GTM,ECU,5527819,2118.501,2191.345,2118.501,2187.501,0,1,0,0.907,0
2006,GTM,ECU,3694042,2118.501,2191.345,2118.501,2187.501,0,1,0,0.907,0
2007,GTM,ECU,12196013,2118.501,2191.345,2118.501,2187.501,0,1,0,0.907,0
2008,GTM,ECU,13798714,2118.501,2191.345,2118.501,2187.501,0,1,0,0.907,0
2009,GTM,ECU,9768951,2118.501,2191.345,2118.501,2187.501,0,1,0,0.907,0
2010,GTM,ECU,29516175,2118.501,2191.345,2118.501,2187.501,0,1,0,0.907,0
2011,GTM,ECU,24215469,2118.501,2191.345,2118.501,2187.501,0,1,0,0.907,0
2012,GTM,ECU,22053886,2118.501,2191.345,2118.501,2187.501,0,1,0,0.907,0
2013,GTM,ECU,22165665,2118.501,2191.345,2118.501,2187.501,0,1,0,0.907,0
2014,GTM,ECU,28279707,2118.501,2191.345,2118.501,2187.501,0,1,0,0.907,0
2015,GTM,ECU,38040248,2118.501,2191.345,2118.501,2187.501,0,1,0,0.907,0
2016,GTM,ECU,22563558,2118.501,2191.345,2118.501,2187.501,0,1,0,0.907,0
2017,GTM,ECU,43789082,2118.501,2191.345,2118.501,2187.501,0,1,0,0.907,0
2018,GTM,ECU,53080615,2118.501,2191.345,2118.501,2187.501,0,1,0,0.907,0
2019,GTM,ECU,53348594,2118.501,2191.345,2118.501,2187.501,0,1,0,0.907,0
2020,GTM,ECU,48767662,2118.501,2191.345,2118.501,2187.501,0,1,0,0.907,0
1995,GTM,GRD,41145,3127.97,3149.689,3127.97,3148.737,0,0,0,0.612,0
1996,GTM,GRD,0,3127.97,3149.689,3127.97,3148.737,0,0,0,0.612,0
1997,GTM,GRD,0,3127.97,3149.689,3127.97,3148.737,0,0,0,0.612,0
1998,GTM,GRD,71611,3127.97,3149.689,3127.97,3148.737,0,0,0,0.612,0
1999,GTM,GRD,87040,3127.97,3149.689,3127.97,3148.737,0,0,0,0.612,0
2000,GTM,GRD,65359,3127.97,3149.689,3127.97,3148.737,0,0,0,0.612,0
2001,GTM,GRD,41118,3127.97,3149.689,3127.97,3148.737,0,0,0,0.612,0
2002,GTM,GRD,45068,3127.97,3149.689,3127.97,3148.737,0,0,0,0.612,0
2003,GTM,GRD,31471,3127.97,3149.689,3127.97,3148.737,0,0,0,0.612,0
2004,GTM,GRD,9576,3127.97,3149.689,3127.97,3148.737,0,0,0,0.612,0
2005,GTM,GRD,25477,3127.97,3149.689,3127.97,3148.737,0,0,0,0.612,0
2006,GTM,GRD,27475,3127.97,3149.689,3127.97,3148.737,0,0,0,0.612,0
2007,GTM,GRD,98191,3127.97,3149.689,3127.97,3148.737,0,0,0,0.612,0
2008,GTM,GRD,855408,3127.97,3149.689,3127.97,3148.737,0,0,0,0.612,0
2009,GTM,GRD,985644,3127.97,3149.689,3127.97,3148.737,0,0,0,0.612,0
2010,GTM,GRD,227369,3127.97,3149.689,3127.97,3148.737,0,0,0,0.612,0
2011,GTM,GRD,386806,3127.97,3149.689,3127.97,3148.737,0,0,0,0.612,0
2012,GTM,GRD,798372,3127.97,3149.689,3127.97,3148.737,0,0,0,0.612,0
2013,GTM,GRD,500445,3127.97,3149.689,3127.97,3148.737,0,0,0,0.612,0
2014,GTM,GRD,846649,3127.97,3149.689,3127.97,3148.737,0,0,0,0.612,0
2015,GTM,GRD,819611,3127.97,3149.689,3127.97,3148.737,0,0,0,0.612,0
2016,GTM,GRD,489226,3127.97,3149.689,3127.97,3148.737,0,0,0,0.612,0
2017,GTM,GRD,1324327,3127.97,3149.689,3127.97,3148.737,0,0,0,0.612,0
2018,GTM,GRD,634899,3127.97,3149.689,3127.97,3148.737,0,0,0,0.612,0
2019,GTM,GRD,621080,3127.97,3149.689,3127.97,3148.737,0,0,0,0.612,0
2020,GTM,GRD,470650,3127.97,3149.689,3127.97,3148.737,0,0,0,0.612,0
1995,GTM,GUY,127267,3640.024,3675.161,3640.024,3673.932,0,0,0,0.178,0
1996,GTM,GUY,522365,3640.024,3675.161,3640.024,3673.932,0,0,0,0.178,0
1997,GTM,GUY,635914,3640.024,3675.161,3640.024,3673.932,0,0,0,0.178,0
1998,GTM,GUY,358066,3640.024,3675.161,3640.024,3673.932,0,0,0,0.178,0
1999,GTM,GUY,815400,3640.024,3675.161,3640.024,3673.932,0,0,0,0.178,0
2000,GTM,GUY,646514,3640.024,3675.161,3640.024,3673.932,0,0,0,0.178,0
2001,GTM,GUY,267353,3640.024,3675.161,3640.024,3673.932,0,0,0,0.178,0
2002,GTM,GUY,196648,3640.024,3675.161,3640.024,3673.932,0,0,0,0.178,0
2003,GTM,GUY,124151,3640.024,3675.161,3640.024,3673.932,0,0,0,0.178,0
2004,GTM,GUY,449836,3640.024,3675.161,3640.024,3673.932,0,0,0,0.178,0
2005,GTM,GUY,658918,3640.024,3675.161,3640.024,3673.932,0,0,0,0.178,0
2006,GTM,GUY,244391,3640.024,3675.161,3640.024,3673.932,0,0,0,0.178,0
2007,GTM,GUY,1719162,3640.024,3675.161,3640.024,3673.932,0,0,0,0.178,0
2008,GTM,GUY,3151119,3640.024,3675.161,3640.024,3673.932,0,0,0,0.178,0
2009,GTM,GUY,3615457,3640.024,3675.161,3640.024,3673.932,0,0,0,0.178,0
2010,GTM,GUY,1994671,3640.024,3675.161,3640.024,3673.932,0,0,0,0.178,0
2011,GTM,GUY,3122250,3640.024,3675.161,3640.024,3673.932,0,0,0,0.178,0
2012,GTM,GUY,5803395,3640.024,3675.161,3640.024,3673.932,0,0,0,0.178,0
2013,GTM,GUY,3371775,3640.024,3675.161,3640.024,3673.932,0,0,0,0.178,0
2014,GTM,GUY,3731494,3640.024,3675.161,3640.024,3673.932,0,0,0,0.178,0
2015,GTM,GUY,2777820,3640.024,3675.161,3640.024,3673.932,0,0,0,0.178,0
2016,GTM,GUY,3900402,3640.024,3675.161,3640.024,3673.932,0,0,0,0.178,0
2017,GTM,GUY,5835291,3640.024,3675.161,3640.024,3673.932,0,0,0,0.178,0
2018,GTM,GUY,5882421,3640.024,3675.161,3640.024,3673.932,0,0,0,0.178,0
2019,GTM,GUY,6004917,3640.024,3675.161,3640.024,3673.932,0,0,0,0.178,0
2020,GTM,GUY,6510937,3640.024,3675.161,3640.024,3673.932,0,0,0,0.178,0
1995,GTM,HND,124814113,359.267,350.713,359.267,325.853,1,1,0,0.902,1
1996,GTM,HND,140194209,359.267,350.713,359.267,325.853,1,1,0,0.902,1
1997,GTM,HND,177229423,359.267,350.713,359.267,325.853,1,1,0,0.902,1
1998,GTM,HND,215868479,359.267,350.713,359.267,325.853,1,1,0,0.902,1
1999,GTM,HND,208528966,359.267,350.713,359.267,325.853,1,1,0,0.902,1
2000,GTM,HND,233130433,359.267,350.713,359.267,325.853,1,1,0,0.902,1
2001,GTM,HND,295305753,359.267,350.713,359.267,325.853,1,1,0,0.902,1
2002,GTM,HND,271405028,359.267,350.713,359.267,325.853,1,1,0,0.902,1
2003,GTM,HND,281172346,359.267,350.713,359.267,325.853,1,1,0,0.902,1
2004,GTM,HND,347542508,359.267,350.713,359.267,325.853,1,1,0,0.902,1
2005,GTM,HND,394042606,359.267,350.713,359.267,325.853,1,1,0,0.902,1
2006,GTM,HND,308700234,359.267,350.713,359.267,325.853,1,1,0,0.902,1
2007,GTM,HND,592963392,359.267,350.713,359.267,325.853,1,1,0,0.902,1
2008,GTM,HND,736828826,359.267,350.713,359.267,325.853,1,1,0,0.902,1
2009,GTM,HND,606382751,359.267,350.713,359.267,325.853,1,1,0,0.902,1
2010,GTM,HND,700082526,359.267,350.713,359.267,325.853,1,1,0,0.902,1
2011,GTM,HND,813672206,359.267,350.713,359.267,325.853,1,1,0,0.902,1
2012,GTM,HND,795461577,359.267,350.713,359.267,325.853,1,1,0,0.902,1
2013,GTM,HND,790978857,359.267,350.713,359.267,325.853,1,1,0,0.902,1
2014,GTM,HND,885487791,359.267,350.713,359.267,325.853,1,1,0,0.902,1
2015,GTM,HND,903372628,359.267,350.713,359.267,325.853,1,1,0,0.902,1
2016,GTM,HND,913934260,359.267,350.713,359.267,325.853,1,1,0,0.902,1
2017,GTM,HND,967261396,359.267,350.713,359.267,325.853,1,1,0,0.902,1
2018,GTM,HND,935176111,359.267,350.713,359.267,325.853,1,1,0,0.902,1
2019,GTM,HND,1000299756,359.267,350.713,359.267,325.853,1,1,0,0.902,1
2020,GTM,HND,1018468071,359.267,350.713,359.267,325.853,1,1,0,0.902,1
1995,GTM,HTI,5114188,1986.791,1997.701,1986.791,1995.592,0,0,0,0.783,0
1996,GTM,HTI,12837364,1986.791,1997.701,1986.791,1995.592,0,0,0,0.783,0
1997,GTM,HTI,8621438,1986.791,1997.701,1986.791,1995.592,0,0,0,0.783,0
1998,GTM,HTI,10630769,1986.791,1997.701,1986.791,1995.592,0,0,0,0.783,0
1999,GTM,HTI,12846459,1986.791,1997.701,1986.791,1995.592,0,0,0,0.783,0
2000,GTM,HTI,13397353,1986.791,1997.701,1986.791,1995.592,0,0,0,0.783,0
2001,GTM,HTI,10604601,1986.791,1997.701,1986.791,1995.592,0,0,0,0.783,0
2002,GTM,HTI,8328612,1986.791,1997.701,1986.791,1995.592,0,0,0,0.783,0
2003,GTM,HTI,9566468,1986.791,1997.701,1986.791,1995.592,0,0,0,0.783,0
2004,GTM,HTI,5383872,1986.791,1997.701,1986.791,1995.592,0,0,0,0.783,0
2005,GTM,HTI,11537677,1986.791,1997.701,1986.791,1995.592,0,0,0,0.783,0
2006,GTM,HTI,9209693,1986.791,1997.701,1986.791,1995.592,0,0,0,0.783,0
2007,GTM,HTI,9173001,1986.791,1997.701,1986.791,1995.592,0,0,0,0.783,0
2008,GTM,HTI,20546026,1986.791,1997.701,1986.791,1995.592,0,0,0,0.783,0
2009,GTM,HTI,8233293,1986.791,1997.701,1986.791,1995.592,0,0,0,0.783,0
2010,GTM,HTI,28263808,1986.791,1997.701,1986.791,1995.592,0,0,0,0.783,0
2011,GTM,HTI,17772631,1986.791,1997.701,1986.791,1995.592,0,0,0,0.783,0
2012,GTM,HTI,22758117,1986.791,1997.701,1986.791,1995.592,0,0,0,0.783,0
2013,GTM,HTI,34707872,1986.791,1997.701,1986.791,1995.592,0,0,0,0.783,0
2014,GTM,HTI,45898184,1986.791,1997.701,1986.791,1995.592,0,0,0,0.783,0
2015,GTM,HTI,41818885,1986.791,1997.701,1986.791,1995.592,0,0,0,0.783,0
2016,GTM,HTI,57863631,1986.791,1997.701,1986.791,1995.592,0,0,0,0.783,0
2017,GTM,HTI,36407132,1986.791,1997.701,1986.791,1995.592,0,0,0,0.783,0
2018,GTM,HTI,40649948,1986.791,1997.701,1986.791,1995.592,0,0,0,0.783,0
2019,GTM,HTI,37669480,1986.791,1997.701,1986.791,1995.592,0,0,0,0.783,0
2020,GTM,HTI,38655443,1986.791,1997.701,1986.791,1995.592,0,0,0,0.783,0
1995,GTM,JAM,1963549,1511.007,1507.442,1511.007,1504.502,0,0,0,0.117,0
1996,GTM,JAM,6824636,1511.007,1507.442,1511.007,1504.502,0,0,0,0.117,0
1997,GTM,JAM,5509404,1511.007,1507.442,1511.007,1504.502,0,0,0,0.117,0
1998,GTM,JAM,4499685,1511.007,1507.442,1511.007,1504.502,0,0,0,0.117,0
1999,GTM,JAM,8175383,1511.007,1507.442,1511.007,1504.502,0,0,0,0.117,0
2000,GTM,JAM,8156986,1511.007,1507.442,1511.007,1504.502,0,0,0,0.117,0
2001,GTM,JAM,6248788,1511.007,1507.442,1511.007,1504.502,0,0,0,0.117,0
2002,GTM,JAM,6196046,1511.007,1507.442,1511.007,1504.502,0,0,0,0.117,0
2003,GTM,JAM,5734751,1511.007,1507.442,1511.007,1504.502,0,0,0,0.117,0
2004,GTM,JAM,11720119,1511.007,1507.442,1511.007,1504.502,0,0,0,0.117,0
2005,GTM,JAM,22933371,1511.007,1507.442,1511.007,1504.502,0,0,0,0.117,0
2006,GTM,JAM,10739441,1511.007,1507.442,1511.007,1504.502,0,0,0,0.117,0
2007,GTM,JAM,27322031,1511.007,1507.442,1511.007,1504.502,0,0,0,0.117,0
2008,GTM,JAM,31513964,1511.007,1507.442,1511.007,1504.502,0,0,0,0.117,0
2009,GTM,JAM,19824798,1511.007,1507.442,1511.007,1504.502,0,0,0,0.117,0
2010,GTM,JAM,18201738,1511.007,1507.442,1511.007,1504.502,0,0,0,0.117,0
2011,GTM,JAM,21355082,1511.007,1507.442,1511.007,1504.502,0,0,0,0.117,0
2012,GTM,JAM,27338841,1511.007,1507.442,1511.007,1504.502,0,0,0,0.117,0
2013,GTM,JAM,23674142,1511.007,1507.442,1511.007,1504.502,0,0,0,0.117,0
2014,GTM,JAM,20131095,1511.007,1507.442,1511.007,1504.502,0,0,0,0.117,0
2015,GTM,JAM,29430980,1511.007,1507.442,1511.007,1504.502,0,0,0,0.117,0
2016,GTM,JAM,36109826,1511.007,1507.442,1511.007,1504.502,0,0,0,0.117,0
2017,GTM,JAM,37551862,1511.007,1507.442,1511.007,1504.502,0,0,0,0.117,0
2018,GTM,JAM,33905199,1511.007,1507.442,1511.007,1504.502,0,0,0,0.117,0
2019,GTM,JAM,33363985,1511.007,1507.442,1511.007,1504.502,0,0,0,0.117,0
2020,GTM,JAM,37301838,1511.007,1507.442,1511.007,1504.502,0,0,0,0.117,0
1995,GTM,LCA,121123,3183.344,3202.143,3183.344,3201.201,0,0,0,0.833,0
1996,GTM,LCA,339965,3183.344,3202.143,3183.344,3201.201,0,0,0,0.833,0
1997,GTM,LCA,176051,3183.344,3202.143,3183.344,3201.201,0,0,0,0.833,0
1998,GTM,LCA,46800,3183.344,3202.143,3183.344,3201.201,0,0,0,0.833,0
1999,GTM,LCA,24832,3183.344,3202.143,3183.344,3201.201,0,0,0,0.833,0
2000,GTM,LCA,24832,3183.344,3202.143,3183.344,3201.201,0,0,0,0.833,0
2001,GTM,LCA,9986,3183.344,3202.143,3183.344,3201.201,0,0,0,0.833,0
2002,GTM,LCA,52995,3183.344,3202.143,3183.344,3201.201,0,0,0,0.833,0
2003,GTM,LCA,0,3183.344,3202.143,3183.344,3201.201,0,0,0,0.833,0
2004,GTM,LCA,0,3183.344,3202.143,3183.344,3201.201,0,0,0,0.833,0
2005,GTM,LCA,47896,3183.344,3202.143,3183.344,3201.201,0,0,0,0.833,0
2006,GTM,LCA,0,3183.344,3202.143,3183.344,3201.201,0,0,0,0.833,0
2007,GTM,LCA,404932,3183.344,3202.143,3183.344,3201.201,0,0,0,0.833,0
2008,GTM,LCA,1095464,3183.344,3202.143,3183.344,3201.201,0,0,0,0.833,0
2009,GTM,LCA,1119132,3183.344,3202.143,3183.344,3201.201,0,0,0,0.833,0
2010,GTM,LCA,1351928,3183.344,3202.143,3183.344,3201.201,0,0,0,0.833,0
2011,GTM,LCA,1287146,3183.344,3202.143,3183.344,3201.201,0,0,0,0.833,0
2012,GTM,LCA,2054205,3183.344,3202.143,3183.344,3201.201,0,0,0,0.833,0
2013,GTM,LCA,2449354,3183.344,3202.143,3183.344,3201.201,0,0,0,0.833,0
2014,GTM,LCA,367353,3183.344,3202.143,3183.344,3201.201,0,0,0,0.833,0
2015,GTM,LCA,118685,3183.344,3202.143,3183.344,3201.201,0,0,0,0.833,0
2016,GTM,LCA,409693,3183.344,3202.143,3183.344,3201.201,0,0,0,0.833,0
2017,GTM,LCA,2061443,3183.344,3202.143,3183.344,3201.201,0,0,0,0.833,0
2018,GTM,LCA,702146,3183.344,3202.143,3183.344,3201.201,0,0,0,0.833,0
2019,GTM,LCA,1323961,3183.344,3202.143,3183.344,3201.201,0,0,0,0.833,0
2020,GTM,LCA,825397,3183.344,3202.143,3183.344,3201.201,0,0,0,0.833,0
1995,GTM,MEX,44995305,1063.046,1427.233,1063.046,1239.568,1,1,0,0.891,0
1996,GTM,MEX,79969443,1063.046,1427.233,1063.046,1239.568,1,1,0,0.891,0
1997,GTM,MEX,77012607,1063.046,1427.233,1063.046,1239.568,1,1,0,0.891,0
1998,GTM,MEX,105316193,1063.046,1427.233,1063.046,1239.568,1,1,0,0.891,0
1999,GTM,MEX,97370204,1063.046,1427.233,1063.046,1239.568,1,1,0,0.891,0
2000,GTM,MEX,120182598,1063.046,1427.233,1063.046,1239.568,1,1,0,0.891,0
2001,GTM,MEX,79053970,1063.046,1427.233,1063.046,1239.568,1,1,0,0.891,1
2002,GTM,MEX,75950182,1063.046,1427.233,1063.046,1239.568,1,1,0,0.891,1
2003,GTM,MEX,106866725,1063.046,1427.233,1063.046,1239.568,1,1,0,0.891,1
2004,GTM,MEX,133351840,1063.046,1427.233,1063.046,1239.568,1,1,0,0.891,1
2005,GTM,MEX,215842389,1063.046,1427.233,1063.046,1239.568,1,1,0,0.891,1
2006,GTM,MEX,174085850,1063.046,1427.233,1063.046,1239.568,1,1,0,0.891,1
2007,GTM,MEX,463724746,1063.046,1427.233,1063.046,1239.568,1,1,0,0.891,1
2008,GTM,MEX,509492695,1063.046,1427.233,1063.046,1239.568,1,1,0,0.891,1
2009,GTM,MEX,424510072,1063.046,1427.233,1063.046,1239.568,1,1,0,0.891,1
2010,GTM,MEX,447343570,1063.046,1427.233,1063.046,1239.568,1,1,0,0.891,1
2011,GTM,MEX,510787539,1063.046,1427.233,1063.046,1239.568,1,1,0,0.891,1
2012,GTM,MEX,549815776,1063.046,1427.233,1063.046,1239.568,1,1,0,0.891,1
2013,GTM,MEX,469592592,1063.046,1427.233,1063.046,1239.568,1,1,0,0.891,0
2014,GTM,MEX,432442895,1063.046,1427.233,1063.046,1239.568,1,1,0,0.891,1
2015,GTM,MEX,429805877,1063.046,1427.233,1063.046,1239.568,1,1,0,0.891,1
2016,GTM,MEX,458661108,1063.046,1427.233,1063.046,1239.568,1,1,0,0.891,1
2017,GTM,MEX,510994214,1063.046,1427.233,1063.046,1239.568,1,1,0,0.891,1
2018,GTM,MEX,508164307,1063.046,1427.233,1063.046,1239.568,1,1,0,0.891,1
2019,GTM,MEX,555446761,1063.046,1427.233,1063.046,1239.568,1,1,0,0.891,1
2020,GTM,MEX,462757198,1063.046,1427.233,1063.046,1239.568,1,1,0,0.891,1
1995,GTM,NIC,70972541,536.598,555.192,536.598,544.133,0,1,0,0.892,1
1996,GTM,NIC,79872839,536.598,555.192,536.598,544.133,0,1,0,0.892,1
1997,GTM,NIC,83212020,536.598,555.192,536.598,544.133,0,1,0,0.892,1
1998,GTM,NIC,92542112,536.598,555.192,536.598,544.133,0,1,0,0.892,1
1999,GTM,NIC,103703603,536.598,555.192,536.598,544.133,0,1,0,0.892,1
2000,GTM,NIC,114328157,536.598,555.192,536.598,544.133,0,1,0,0.892,1
2001,GTM,NIC,130611723,536.598,555.192,536.598,544.133,0,1,0,0.892,1
2002,GTM,NIC,136173691,536.598,555.192,536.598,544.133,0,1,0,0.892,1
2003,GTM,NIC,153911225,536.598,555.192,536.598,544.133,0,1,0,0.892,1
2004,GTM,NIC,174516962,536.598,555.192,536.598,544.133,0,1,0,0.892,1
2005,GTM,NIC,213216366,536.598,555.192,536.598,544.133,0,1,0,0.892,1
2006,GTM,NIC,141209179,536.598,555.192,536.598,544.133,0,1,0,0.892,1
2007,GTM,NIC,267181922,536.598,555.192,536.598,544.133,0,1,0,0.892,1
2008,GTM,NIC,327542529,536.598,555.192,536.598,544.133,0,1,0,0.892,1
2009,GTM,NIC,281816005,536.598,555.192,536.598,544.133,0,1,0,0.892,1
2010,GTM,NIC,352669402,536.598,555.192,536.598,544.133,0,1,0,0.892,1
2011,GTM,NIC,458944912,536.598,555.192,536.598,544.133,0,1,0,0.892,1
2012,GTM,NIC,473274524,536.598,555.192,536.598,544.133,0,1,0,0.892,1
2013,GTM,NIC,486919068,536.598,555.192,536.598,544.133,0,1,0,0.892,1
2014,GTM,NIC,513740731,536.598,555.192,536.598,544.133,0,1,0,0.892,1
2015,GTM,NIC,554815881,536.598,555.192,536.598,544.133,0,1,0,0.892,1
2016,GTM,NIC,569273582,536.598,555.192,536.598,544.133,0,1,0,0.892,1
2017,GTM,NIC,562222394,536.598,555.192,536.598,544.133,0,1,0,0.892,1
2018,GTM,NIC,540523034,536.598,555.192,536.598,544.133,0,1,0,0.892,1
2019,GTM,NIC,549888751,536.598,555.192,536.598,544.133,0,1,0,0.892,1
2020,GTM,NIC,662430787,536.598,555.192,536.598,544.133,0,1,0,0.892,1
1995,GTM,PAN,37000812,1356.189,1320.565,1356.189,1311.315,0,1,0,0.802,0
1996,GTM,PAN,46322730,1356.189,1320.565,1356.189,1311.315,0,1,0,0.802,0
1997,GTM,PAN,42574805,1356.189,1320.565,1356.189,1311.315,0,1,0,0.802,0
1998,GTM,PAN,67640133,1356.189,1320.565,1356.189,1311.315,0,1,0,0.802,0
1999,GTM,PAN,64232885,1356.189,1320.565,1356.189,1311.315,0,1,0,0.802,0
2000,GTM,PAN,54723005,1356.189,1320.565,1356.189,1311.315,0,1,0,0.802,0
2001,GTM,PAN,43388472,1356.189,1320.565,1356.189,1311.315,0,1,0,0.802,0
2002,GTM,PAN,68661922,1356.189,1320.565,1356.189,1311.315,0,1,0,0.802,0
2003,GTM,PAN,91647490,1356.189,1320.565,1356.189,1311.315,0,1,0,0.802,0
2004,GTM,PAN,107561220,1356.189,1320.565,1356.189,1311.315,0,1,0,0.802,0
2005,GTM,PAN,80497473,1356.189,1320.565,1356.189,1311.315,0,1,0,0.802,0
2006,GTM,PAN,82000696,1356.189,1320.565,1356.189,1311.315,0,1,0,0.802,0
2007,GTM,PAN,118692622,1356.189,1320.565,1356.189,1311.315,0,1,0,0.802,0
2008,GTM,PAN,161214724,1356.189,1320.565,1356.189,1311.315,0,1,0,0.802,0
2009,GTM,PAN,183858212,1356.189,1320.565,1356.189,1311.315,0,1,0,0.802,1
2010,GTM,PAN,222023336,1356.189,1320.565,1356.189,1311.315,0,1,0,0.802,1
2011,GTM,PAN,247479366,1356.189,1320.565,1356.189,1311.315,0,1,0,0.802,1
2012,GTM,PAN,246624979,1356.189,1320.565,1356.189,1311.315,0,1,0,0.802,1
2013,GTM,PAN,237409700,1356.189,1320.565,1356.189,1311.315,0,1,0,0.802,1
2014,GTM,PAN,282680559,1356.189,1320.565,1356.189,1311.315,0,1,0,0.802,1
2015,GTM,PAN,261533693,1356.189,1320.565,1356.189,1311.315,0,1,0,0.802,1
2016,GTM,PAN,248878773,1356.189,1320.565,1356.189,1311.315,0,1,0,0.802,1
2017,GTM,PAN,288754525,1356.189,1320.565,1356.189,1311.315,0,1,0,0.802,1
2018,GTM,PAN,242996861,1356.189,1320.565,1356.189,1311.315,0,1,0,0.802,1
2019,GTM,PAN,233427674,1356.189,1320.565,1356.189,1311.315,0,1,0,0.802,1
2020,GTM,PAN,214932190,1356.189,1320.565,1356.189,1311.315,0,1,0,0.802,1
1995,GTM,PER,28605254,3325.267,3282.756,3325.267,3233.813,0,1,0,0.895,0
1996,GTM,PER,29487254,3325.267,3282.756,3325.267,3233.813,0,1,0,0.895,0
1997,GTM,PER,13160991,3325.267,3282.756,3325.267,3233.813,0,1,0,0.895,0
1998,GTM,PER,48545640,3325.267,3282.756,3325.267,3233.813,0,1,0,0.895,0
1999,GTM,PER,8631840,3325.267,3282.756,3325.267,3233.813,0,1,0,0.895,0
2000,GTM,PER,4655511,3325.267,3282.756,3325.267,3233.813,0,1,0,0.895,0
2001,GTM,PER,6514556,3325.267,3282.756,3325.267,3233.813,0,1,0,0.895,0
2002,GTM,PER,6092136,3325.267,3282.756,3325.267,3233.813,0,1,0,0.895,0
2003,GTM,PER,1440150,3325.267,3282.756,3325.267,3233.813,0,1,0,0.895,0
2004,GTM,PER,6014490,3325.267,3282.756,3325.267,3233.813,0,1,0,0.895,0
2005,GTM,PER,11341717,3325.267,3282.756,3325.267,3233.813,0,1,0,0.895,0
2006,GTM,PER,18132235,3325.267,3282.756,3325.267,3233.813,0,1,0,0.895,0
2007,GTM,PER,38143670,3325.267,3282.756,3325.267,3233.813,0,1,0,0.895,0
2008,GTM,PER,53105759,3325.267,3282.756,3325.267,3233.813,0,1,0,0.895,0
2009,GTM,PER,27867540,3325.267,3282.756,3325.267,3233.813,0,1,0,0.895,0
2010,GTM,PER,79759489,3325.267,3282.756,3325.267,3233.813,0,1,0,0.895,0
2011,GTM,PER,82403622,3325.267,3282.756,3325.267,3233.813,0,1,0,0.895,0
2012,GTM,PER,80241333,3325.267,3282.756,3325.267,3233.813,0,1,0,0.895,0
2013,GTM,PER,30110713,3325.267,3282.756,3325.267,3233.813,0,1,0,0.895,0
2014,GTM,PER,30584653,3325.267,3282.756,3325.267,3233.813,0,1,0,0.895,0
2015,GTM,PER,52641018,3325.267,3282.756,3325.267,3233.813,0,1,0,0.895,0
2016,GTM,PER,51163283,3325.267,3282.756,3325.267,3233.813,0,1,0,0.895,0
2017,GTM,PER,87039767,3325.267,3282.756,3325.267,3233.813,0,1,0,0.895,0
2018,GTM,PER,52691156,3325.267,3282.756,3325.267,3233.813,0,1,0,0.895,0
2019,GTM,PER,44867003,3325.267,3282.756,3325.267,3233.813,0,1,0,0.895,0
2020,GTM,PER,47677569,3325.267,3282.756,3325.267,3233.813,0,1,0,0.895,0
1995,GTM,PRY,0,5691.879,5757.99,5691.879,5756.299,0,1,0,0.903,0
1996,GTM,PRY,27636,5691.879,5757.99,5691.879,5756.299,0,1,0,0.903,0
1997,GTM,PRY,37570,5691.879,5757.99,5691.879,5756.299,0,1,0,0.903,0
1998,GTM,PRY,50572,5691.879,5757.99,5691.879,5756.299,0,1,0,0.903,0
1999,GTM,PRY,826731,5691.879,5757.99,5691.879,5756.299,0,1,0,0.903,0
2000,GTM,PRY,380360,5691.879,5757.99,5691.879,5756.299,0,1,0,0.903,0
2001,GTM,PRY,48857,5691.879,5757.99,5691.879,5756.299,0,1,0,0.903,0
2002,GTM,PRY,3216,5691.879,5757.99,5691.879,5756.299,0,1,0,0.903,0
2003,GTM,PRY,20370,5691.879,5757.99,5691.879,5756.299,0,1,0,0.903,0
2004,GTM,PRY,51109,5691.879,5757.99,5691.879,5756.299,0,1,0,0.903,0
2005,GTM,PRY,296204,5691.879,5757.99,5691.879,5756.299,0,1,0,0.903,0
2006,GTM,PRY,39159,5691.879,5757.99,5691.879,5756.299,0,1,0,0.903,0
2007,GTM,PRY,12444,5691.879,5757.99,5691.879,5756.299,0,1,0,0.903,0
2008,GTM,PRY,774775,5691.879,5757.99,5691.879,5756.299,0,1,0,0.903,0
2009,GTM,PRY,441384,5691.879,5757.99,5691.879,5756.299,0,1,0,0.903,0
2010,GTM,PRY,284707,5691.879,5757.99,5691.879,5756.299,0,1,0,0.903,0
2011,GTM,PRY,504572,5691.879,5757.99,5691.879,5756.299,0,1,0,0.903,0
2012,GTM,PRY,789770,5691.879,5757.99,5691.879,5756.299,0,1,0,0.903,0
2013,GTM,PRY,685348,5691.879,5757.99,5691.879,5756.299,0,1,0,0.903,0
2014,GTM,PRY,994705,5691.879,5757.99,5691.879,5756.299,0,1,0,0.903,0
2015,GTM,PRY,1204443,5691.879,5757.99,5691.879,5756.299,0,1,0,0.903,0
2016,GTM,PRY,1140683,5691.879,5757.99,5691.879,5756.299,0,1,0,0.903,0
2017,GTM,PRY,939108,5691.879,5757.99,5691.879,5756.299,0,1,0,0.903,0
2018,GTM,PRY,1609078,5691.879,5757.99,5691.879,5756.299,0,1,0,0.903,0
2019,GTM,PRY,1384571,5691.879,5757.99,5691.879,5756.299,0,1,0,0.903,0
2020,GTM,PRY,873087,5691.879,5757.99,5691.879,5756.299,0,1,0,0.903,0
1995,GTM,SLV,268853421,181.113,202.124,181.113,188.354,1,1,0,0.905,1
1996,GTM,SLV,257994280,181.113,202.124,181.113,188.354,1,1,0,0.905,1
1997,GTM,SLV,310887700,181.113,202.124,181.113,188.354,1,1,0,0.905,1
1998,GTM,SLV,320008913,181.113,202.124,181.113,188.354,1,1,0,0.905,1
1999,GTM,SLV,356263342,181.113,202.124,181.113,188.354,1,1,0,0.905,1
2000,GTM,SLV,341088867,181.113,202.124,181.113,188.354,1,1,0,0.905,1
2001,GTM,SLV,477108381,181.113,202.124,181.113,188.354,1,1,0,0.905,1
2002,GTM,SLV,457513320,181.113,202.124,181.113,188.354,1,1,0,0.905,1
2003,GTM,SLV,501728806,181.113,202.124,181.113,188.354,1,1,0,0.905,1
2004,GTM,SLV,544845640,181.113,202.124,181.113,188.354,1,1,0,0.905,1
2005,GTM,SLV,653001138,181.113,202.124,181.113,188.354,1,1,0,0.905,1
2006,GTM,SLV,489519575,181.113,202.124,181.113,188.354,1,1,0,0.905,1
2007,GTM,SLV,841286751,181.113,202.124,181.113,188.354,1,1,0,0.905,1
2008,GTM,SLV,972585302,181.113,202.124,181.113,188.354,1,1,0,0.905,1
2009,GTM,SLV,817282970,181.113,202.124,181.113,188.354,1,1,0,0.905,1
2010,GTM,SLV,993793094,181.113,202.124,181.113,188.354,1,1,0,0.905,1
2011,GTM,SLV,1125928493,181.113,202.124,181.113,188.354,1,1,0,0.905,1
2012,GTM,SLV,1110744004,181.113,202.124,181.113,188.354,1,1,0,0.905,1
2013,GTM,SLV,1108769719,181.113,202.124,181.113,188.354,1,1,0,0.905,1
2014,GTM,SLV,1263804379,181.113,202.124,181.113,188.354,1,1,0,0.905,1
2015,GTM,SLV,1239767515,181.113,202.124,181.113,188.354,1,1,0,0.905,1
2016,GTM,SLV,1204217390,181.113,202.124,181.113,188.354,1,1,0,0.905,1
2017,GTM,SLV,1216534630,181.113,202.124,181.113,188.354,1,1,0,0.905,1
2018,GTM,SLV,1335072215,181.113,202.124,181.113,188.354,1,1,0,0.905,1
2019,GTM,SLV,1383082151,181.113,202.124,181.113,188.354,1,1,0,0.905,1
2020,GTM,SLV,1313447063,181.113,202.124,181.113,188.354,1,1,0,0.905,1
1995,GTM,SUR,226993,3979.619,4090.944,3979.619,4018.285,0,0,0,0.356,0
1996,GTM,SUR,403070,3979.619,4090.944,3979.619,4018.285,0,0,0,0.356,0
1997,GTM,SUR,508387,3979.619,4090.944,3979.619,4018.285,0,0,0,0.356,0
1998,GTM,SUR,671620,3979.619,4090.944,3979.619,4018.285,0,0,0,0.356,0
1999,GTM,SUR,979867,3979.619,4090.944,3979.619,4018.285,0,0,0,0.356,0
2000,GTM,SUR,899559,3979.619,4090.944,3979.619,4018.285,0,0,0,0.356,0
2001,GTM,SUR,807908,3979.619,4090.944,3979.619,4018.285,0,0,0,0.356,0
2002,GTM,SUR,493737,3979.619,4090.944,3979.619,4018.285,0,0,0,0.356,0
2003,GTM,SUR,111750,3979.619,4090.944,3979.619,4018.285,0,0,0,0.356,0
2004,GTM,SUR,33303,3979.619,4090.944,3979.619,4018.285,0,0,0,0.356,0
2005,GTM,SUR,571266,3979.619,4090.944,3979.619,4018.285,0,0,0,0.356,0
2006,GTM,SUR,42030,3979.619,4090.944,3979.619,4018.285,0,0,0,0.356,0
2007,GTM,SUR,1016262,3979.619,4090.944,3979.619,4018.285,0,0,0,0.356,0
2008,GTM,SUR,3021569,3979.619,4090.944,3979.619,4018.285,0,0,0,0.356,0
2009,GTM,SUR,3852562,3979.619,4090.944,3979.619,4018.285,0,0,0,0.356,0
2010,GTM,SUR,3435071,3979.619,4090.944,3979.619,4018.285,0,0,0,0.356,0
2011,GTM,SUR,4937910,3979.619,4090.944,3979.619,4018.285,0,0,0,0.356,0
2012,GTM,SUR,4902104,3979.619,4090.944,3979.619,4018.285,0,0,0,0.356,0
2013,GTM,SUR,3208719,3979.619,4090.944,3979.619,4018.285,0,0,0,0.356,0
2014,GTM,SUR,2416008,3979.619,4090.944,3979.619,4018.285,0,0,0,0.356,0
2015,GTM,SUR,2537226,3979.619,4090.944,3979.619,4018.285,0,0,0,0.356,0
2016,GTM,SUR,5322740,3979.619,4090.944,3979.619,4018.285,0,0,0,0.356,0
2017,GTM,SUR,5507025,3979.619,4090.944,3979.619,4018.285,0,0,0,0.356,0
2018,GTM,SUR,5117950,3979.619,4090.944,3979.619,4018.285,0,0,0,0.356,0
2019,GTM,SUR,5708861,3979.619,4090.944,3979.619,4018.285,0,0,0,0.356,0
2020,GTM,SUR,5276620,3979.619,4090.944,3979.619,4018.285,0,0,0,0.356,0
1995,GTM,TTO,667495,3178.478,3211.319,3178.478,3210.363,0,0,0,0.343,0
1996,GTM,TTO,5860659,3178.478,3211.319,3178.478,3210.363,0,0,0,0.343,0
1997,GTM,TTO,1936033,3178.478,3211.319,3178.478,3210.363,0,0,0,0.343,0
1998,GTM,TTO,857578,3178.478,3211.319,3178.478,3210.363,0,0,0,0.343,0
1999,GTM,TTO,1626146,3178.478,3211.319,3178.478,3210.363,0,0,0,0.343,0
2000,GTM,TTO,1770882,3178.478,3211.319,3178.478,3210.363,0,0,0,0.343,0
2001,GTM,TTO,2034290,3178.478,3211.319,3178.478,3210.363,0,0,0,0.343,0
2002,GTM,TTO,813353,3178.478,3211.319,3178.478,3210.363,0,0,0,0.343,0
2003,GTM,TTO,618799,3178.478,3211.319,3178.478,3210.363,0,0,0,0.343,0
2004,GTM,TTO,3130236,3178.478,3211.319,3178.478,3210.363,0,0,0,0.343,0
2005,GTM,TTO,11156699,3178.478,3211.319,3178.478,3210.363,0,0,0,0.343,0
2006,GTM,TTO,1709396,3178.478,3211.319,3178.478,3210.363,0,0,0,0.343,0
2007,GTM,TTO,4648841,3178.478,3211.319,3178.478,3210.363,0,0,0,0.343,0
2008,GTM,TTO,10203503,3178.478,3211.319,3178.478,3210.363,0,0,0,0.343,0
2009,GTM,TTO,13010174,3178.478,3211.319,3178.478,3210.363,0,0,0,0.343,0
2010,GTM,TTO,18598579,3178.478,3211.319,3178.478,3210.363,0,0,0,0.343,0
2011,GTM,TTO,14424151,3178.478,3211.319,3178.478,3210.363,0,0,0,0.343,0
2012,GTM,TTO,27730428,3178.478,3211.319,3178.478,3210.363,0,0,0,0.343,0
2013,GTM,TTO,22758758,3178.478,3211.319,3178.478,3210.363,0,0,0,0.343,0
2014,GTM,TTO,18873664,3178.478,3211.319,3178.478,3210.363,0,0,0,0.343,0
2015,GTM,TTO,23002580,3178.478,3211.319,3178.478,3210.363,0,0,0,0.343,0
2016,GTM,TTO,23635333,3178.478,3211.319,3178.478,3210.363,0,0,0,0.343,0
2017,GTM,TTO,22070470,3178.478,3211.319,3178.478,3210.363,0,0,0,0.343,0
2018,GTM,TTO,24201744,3178.478,3211.319,3178.478,3210.363,0,0,0,0.343,0
2019,GTM,TTO,20977074,3178.478,3211.319,3178.478,3210.363,0,0,0,0.343,0
2020,GTM,TTO,20294220,3178.478,3211.319,3178.478,3210.363,0,0,0,0.343,0
1995,GTM,URY,42811,6600.935,6546.143,6600.935,6543.324,0,1,0,0.56,0
1996,GTM,URY,141127,6600.935,6546.143,6600.935,6543.324,0,1,0,0.56,0
1997,GTM,URY,60473,6600.935,6546.143,6600.935,6543.324,0,1,0,0.56,0
1998,GTM,URY,250488,6600.935,6546.143,6600.935,6543.324,0,1,0,0.56,0
1999,GTM,URY,89099,6600.935,6546.143,6600.935,6543.324,0,1,0,0.56,0
2000,GTM,URY,47470,6600.935,6546.143,6600.935,6543.324,0,1,0,0.56,0
2001,GTM,URY,71609,6600.935,6546.143,6600.935,6543.324,0,1,0,0.56,0
2002,GTM,URY,196266,6600.935,6546.143,6600.935,6543.324,0,1,0,0.56,0
2003,GTM,URY,288498,6600.935,6546.143,6600.935,6543.324,0,1,0,0.56,0
2004,GTM,URY,41991,6600.935,6546.143,6600.935,6543.324,0,1,0,0.56,0
2005,GTM,URY,141954,6600.935,6546.143,6600.935,6543.324,0,1,0,0.56,0
2006,GTM,URY,695360,6600.935,6546.143,6600.935,6543.324,0,1,0,0.56,0
2007,GTM,URY,3249104,6600.935,6546.143,6600.935,6543.324,0,1,0,0.56,0
2008,GTM,URY,3917272,6600.935,6546.143,6600.935,6543.324,0,1,0,0.56,0
2009,GTM,URY,967048,6600.935,6546.143,6600.935,6543.324,0,1,0,0.56,0
2010,GTM,URY,2141628,6600.935,6546.143,6600.935,6543.324,0,1,0,0.56,0
2011,GTM,URY,1882778,6600.935,6546.143,6600.935,6543.324,0,1,0,0.56,0
2012,GTM,URY,906293,6600.935,6546.143,6600.935,6543.324,0,1,0,0.56,0
2013,GTM,URY,872536,6600.935,6546.143,6600.935,6543.324,0,1,0,0.56,0
2014,GTM,URY,1631700,6600.935,6546.143,6600.935,6543.324,0,1,0,0.56,0
2015,GTM,URY,419858,6600.935,6546.143,6600.935,6543.324,0,1,0,0.56,0
2016,GTM,URY,703740,6600.935,6546.143,6600.935,6543.324,0,1,0,0.56,0
2017,GTM,URY,1080667,6600.935,6546.143,6600.935,6543.324,0,1,0,0.56,0
2018,GTM,URY,581186,6600.935,6546.143,6600.935,6543.324,0,1,0,0.56,0
2019,GTM,URY,1006866,6600.935,6546.143,6600.935,6543.324,0,1,0,0.56,0
2020,GTM,URY,1135740,6600.935,6546.143,6600.935,6543.324,0,1,0,0.56,0
1995,GTM,VCT,39138,3165.425,3185.376,3165.425,3184.433,0,0,0,0.202,0
1996,GTM,VCT,82395,3165.425,3185.376,3165.425,3184.433,0,0,0,0.202,0
1997,GTM,VCT,231790,3165.425,3185.376,3165.425,3184.433,0,0,0,0.202,0
1998,GTM,VCT,41792,3165.425,3185.376,3165.425,3184.433,0,0,0,0.202,0
1999,GTM,VCT,197171,3165.425,3185.376,3165.425,3184.433,0,0,0,0.202,0
2000,GTM,VCT,211020,3165.425,3185.376,3165.425,3184.433,0,0,0,0.202,0
2001,GTM,VCT,73430,3165.425,3185.376,3165.425,3184.433,0,0,0,0.202,0
2002,GTM,VCT,23250,3165.425,3185.376,3165.425,3184.433,0,0,0,0.202,0
2003,GTM,VCT,84053,3165.425,3185.376,3165.425,3184.433,0,0,0,0.202,0
2004,GTM,VCT,17466,3165.425,3185.376,3165.425,3184.433,0,0,0,0.202,0
2005,GTM,VCT,0,3165.425,3185.376,3165.425,3184.433,0,0,0,0.202,0
2006,GTM,VCT,14350,3165.425,3185.376,3165.425,3184.433,0,0,0,0.202,0
2007,GTM,VCT,55522,3165.425,3185.376,3165.425,3184.433,0,0,0,0.202,0
2008,GTM,VCT,531624,3165.425,3185.376,3165.425,3184.433,0,0,0,0.202,0
2009,GTM,VCT,905533,3165.425,3185.376,3165.425,3184.433,0,0,0,0.202,0
2010,GTM,VCT,506910,3165.425,3185.376,3165.425,3184.433,0,0,0,0.202,0
2011,GTM,VCT,685332,3165.425,3185.376,3165.425,3184.433,0,0,0,0.202,0
2012,GTM,VCT,1376622,3165.425,3185.376,3165.425,3184.433,0,0,0,0.202,0
2013,GTM,VCT,47959,3165.425,3185.376,3165.425,3184.433,0,0,0,0.202,0
2014,GTM,VCT,367834,3165.425,3185.376,3165.425,3184.433,0,0,0,0.202,0
2015,GTM,VCT,261291,3165.425,3185.376,3165.425,3184.433,0,0,0,0.202,0
2016,GTM,VCT,532137,3165.425,3185.376,3165.425,3184.433,0,0,0,0.202,0
2017,GTM,VCT,626784,3165.425,3185.376,3165.425,3184.433,0,0,0,0.202,0
2018,GTM,VCT,183199,3165.425,3185.376,3165.425,3184.433,0,0,0,0.202,0
2019,GTM,VCT,924919,3165.425,3185.376,3165.425,3184.433,0,0,0,0.202,0
2020,GTM,VCT,757336,3165.425,3185.376,3165.425,3184.433,0,0,0,0.202,0
