year,iso_i,iso_j,exports,imports,tgdp,rfe,sim,dist,cont,lang,ccol,crel,rta
1995,GTM,ARG,841266,21462657,26.331591020566645,1.6487071429527838,0.10171185884454315,6446.824,0,1,1,0.862,0
1996,GTM,ARG,1005883,28511112,26.38561705379456,1.6468205195927847,0.10298765137891208,6446.824,0,1,1,0.862,0
1997,GTM,ARG,412233,32870882,26.46192957880325,1.6055634847593012,0.10797548557883152,6446.824,0,1,1,0.862,0
1998,GTM,ARG,2148047,45509492,26.486397585584676,1.5520377344608525,0.11442849285190171,6446.824,0,1,1,0.862,0
1999,GTM,ARG,1487901,26406608,26.43316759139938,1.5687554400686636,0.11401145060446649,6446.824,0,1,1,0.862,0
2000,GTM,ARG,480945,30714060,26.43862298968033,1.532867620444235,0.11903357416761318,6446.824,0,1,1,0.862,0
2001,GTM,ARG,527646,49172073,26.38310322952956,1.5367558849631537,0.11999433548586569,6446.824,0,1,1,0.862,0
2002,GTM,ARG,211404,28154913,25.495374956869416,0.4323968681002599,0.2861542378850255,6446.824,0,1,1,0.862,0
2003,GTM,ARG,95779,30240195,25.728307685459136,0.6562369540925905,0.24745158096478126,6446.824,0,1,1,0.862,0
2004,GTM,ARG,1236309,45122069,25.960958170287388,0.8333289057619782,0.21913144748818936,6446.824,0,1,1,0.862,0
2005,GTM,ARG,1902379,137533555,26.141677515777992,0.9043467198192339,0.20931694346623386,6446.824,0,1,1,0.862,0
2006,GTM,ARG,1837228,206695341,26.292760933972342,0.966755961892626,0.2010771268548024,6446.824,0,1,1,0.862,0
2007,GTM,ARG,4094439,214724917,26.495013382760316,1.067789732503937,0.18722397890896514,6446.824,0,1,1,0.862,0
2008,GTM,ARG,4571393,142076733,26.714885121934635,1.1690428471797665,0.173963417535411,6446.824,0,1,1,0.862,0
2009,GTM,ARG,3082904,129492514,26.6370456370914,1.1319499121412555,0.18049999364168756,6446.824,0,1,1,0.862,0
2010,GTM,ARG,4204360,114668445,26.863805032866292,1.292242926949302,0.15986461075551017,6446.824,0,1,1,0.862,0
2011,GTM,ARG,8763960,91376882,27.081176378810277,1.381378497672042,0.149272676424677,6446.824,0,1,1,0.862,0
2012,GTM,ARG,4902777,162420697,27.11279540701885,1.3608252454215606,0.1526731086311348,6446.824,0,1,1,0.862,0
2013,GTM,ARG,5718794,186927518,27.128530130625794,1.3118551567555627,0.15984332281031743,6446.824,0,1,1,0.862,0
2014,GTM,ARG,3100304,57402584,27.093461423113556,1.1827950084925405,0.17845116865516175,6446.824,0,1,1,0.862,0
2015,GTM,ARG,7456760,73170747,27.21085163445675,1.2389228652472841,0.1714006342419805,6446.824,0,1,1,0.862,0
2016,GTM,ARG,4699216,79984188,27.158751082354858,1.119975084441709,0.1894109848982053,6446.824,0,1,1,0.862,0
2017,GTM,ARG,3055183,151092486,27.29594382547034,1.1881010263953122,0.1802814589817059,6446.824,0,1,1,0.862,0
2018,GTM,ARG,3889532,126370157,27.11690395880122,0.9684178828765049,0.21486152507426093,6446.824,0,1,1,0.862,0
2019,GTM,ARG,2659268,145881035,26.994164229377297,0.773812778367267,0.2488134737620955,6446.824,0,1,1,0.862,0
2020,GTM,ARG,1798194,132550555,26.869365278993254,0.6225373845791875,0.2771753304581719,6446.824,0,1,1,0.862,0
1995,GTM,BHS,217830,262851,23.61831577027806,2.150646256082421,0.3073171994334083,1802.478,0,0,0,0.263,0
1996,GTM,BHS,95834,694,23.68253304904534,2.1451129602831163,0.304251712488091,1802.478,0,0,0,0.263,0
1997,GTM,BHS,106648,202021,23.90640613515638,2.59251203342175,0.38719670022828595,1802.478,0,0,0,0.263,0
1998,GTM,BHS,91523,2450347,23.990120525273134,2.5946507075960925,0.3853028939225194,1802.478,0,0,0,0.263,0
1999,GTM,BHS,49356,1982143,23.981450150014176,2.78096048685582,0.41636565305757933,1802.478,0,0,0,0.263,0
2000,GTM,BHS,203365,63440,24.032541520569886,2.790061704366381,0.4160610535264315,1802.478,0,0,0,0.263,0
2001,GTM,BHS,210270,9718602,24.008791721575978,2.875198000621002,0.4287549469642064,1802.478,0,0,0,0.263,0
2002,GTM,BHS,415464,29310629,24.10171871192043,2.842127284390128,0.4222630265001326,1802.478,0,0,0,0.263,0
2003,GTM,BHS,41411,66664870,24.139234970379935,2.7911785679505874,0.41291717428132074,1802.478,0,0,0,0.263,0
2004,GTM,BHS,1606428,57834673,24.208576897136258,2.7261571536801013,0.40098068419114086,1802.478,0,0,0,0.263,0
2005,GTM,BHS,1224591,58639187,24.32385337636118,2.6836435868916073,0.3929115390162218,1802.478,0,0,0,0.263,0
2006,GTM,BHS,230063,37867364,24.409933299181894,2.61329836353801,0.37969910582890726,1802.478,0,0,0,0.263,0
2007,GTM,BHS,943918,50486166,24.511678548439036,2.536523814986185,0.36512108591559006,1802.478,0,0,0,0.263,0
2008,GTM,BHS,1591905,25353538,24.615695394944776,2.3913943710778076,0.33719125782382525,1802.478,0,0,0,0.263,0
2009,GTM,BHS,1041929,60678897,24.57570662781882,2.3764999872871027,0.3339917707885258,1802.478,0,0,0,0.263,0
2010,GTM,BHS,875866,102713090,24.650614640640274,2.2997209273224284,0.3186104653830446,1802.478,0,0,0,0.263,0
2011,GTM,BHS,974164,14992042,24.76537920281645,2.1605387247517758,0.2911356715972276,1802.478,0,0,0,0.263,0
2012,GTM,BHS,4209327,54183,24.82283773185684,2.1734481951355384,0.2923014232397018,1802.478,0,0,0,0.263,0
2013,GTM,BHS,968813,217899,24.874166216632897,2.093564286555406,0.2759415812032618,1802.478,0,0,0,0.263,0
2014,GTM,BHS,3039483,311317,24.957304222756797,2.073737647927503,0.2708386213848673,1802.478,0,0,0,0.263,0
2015,GTM,BHS,5042867,57809,25.02836804858625,2.0737603474428727,0.2695028869593352,1802.478,0,0,0,0.263,0
2016,GTM,BHS,6844315,1382469,25.080568398225523,2.0286471117183638,0.260097238851009,1802.478,0,0,0,0.263,0
2017,GTM,BHS,7784543,660591,25.154247317211492,1.9836197550453196,0.2509444334468463,1802.478,0,0,0,0.263,0
2018,GTM,BHS,8752929,227902,25.178152333838966,2.0059865537885546,0.2538734941277396,1802.478,0,0,0,0.263,0
2019,GTM,BHS,6064715,533,25.225122468613552,1.9860234446771248,0.24932835897776412,1802.478,0,0,0,0.263,0
2020,GTM,BHS,5054382,9555011,25.195043274076607,1.6998248252479513,0.2007914384468461,1802.478,0,0,0,0.263,0
1995,GTM,BLZ,3912380,1009420,23.449537476923503,0.7439164842820798,0.07793021672752527,341.203,1,1,0,0.634,0
1996,GTM,BLZ,6292165,453818,23.515442433970897,0.7025033706582118,0.07555864836985607,341.203,1,1,0,0.634,0
1997,GTM,BLZ,6877385,1984367,23.63803797620715,0.5830670911664599,0.06845928004202562,341.203,1,1,0,0.634,0
1998,GTM,BLZ,7187896,963198,23.723220782110033,0.5333346222963593,0.06626901226032625,341.203,1,1,0,0.634,0
1999,GTM,BLZ,10863830,603057,23.670393020775258,0.6382807214757076,0.07396411127924622,341.203,1,1,0,0.634,0
2000,GTM,BLZ,12977383,1227535,23.725024893350533,0.7038729172467777,0.07928703392932833,341.203,1,1,0,0.634,0
2001,GTM,BLZ,13763489,2393941,23.682000180494654,0.7865873616337788,0.08604899745993717,341.203,1,1,0,0.634,0
2002,GTM,BLZ,19493980,813360,23.78522601356395,0.7396125538188878,0.08284190717582014,341.203,1,1,0,0.634,0
2003,GTM,BLZ,29497772,29864946,23.83944104543787,0.7422277406874089,0.0833950668876751,341.203,1,1,0,0.634,0
2004,GTM,BLZ,35096523,6647232,23.927177163203194,0.7155048386110705,0.08173427789842691,341.203,1,1,0,0.634,0
2005,GTM,BLZ,39046389,1721691,24.05139450095788,0.6303079852300861,0.07594975331014851,341.203,1,1,0,0.634,0
2006,GTM,BLZ,37815018,2823744,24.155799464885032,0.6129767375733186,0.07515812388717809,341.203,1,1,0,0.634,0
2007,GTM,BLZ,50899777,2150714,24.27401667229864,0.5348989292819644,0.0703332397958789,341.203,1,1,0,0.634,0
2008,GTM,BLZ,57920518,2722867,24.408518760156333,0.45208489489114445,0.06551314938008718,341.203,1,1,0,0.634,0
2009,GTM,BLZ,48130387,6677886,24.37244904324805,0.45662472771564566,0.06618430965813178,341.203,1,1,0,0.634,0
2010,GTM,BLZ,48080201,7109740,24.462211049137483,0.4035841063181982,0.06335138179797135,341.203,1,1,0,0.634,0
2011,GTM,BLZ,50337165,6208124,24.60146134079297,0.31505360368662316,0.058615696001377546,341.203,1,1,0,0.634,0
2012,GTM,BLZ,53857072,5226012,24.65738019457641,0.29485842470418255,0.05780975850458271,341.203,1,1,0,0.634,0
2013,GTM,BLZ,65675991,5076716,24.722859182319606,0.2599671723725674,0.05620437289492644,341.203,1,1,0,0.634,0
2014,GTM,BLZ,91168033,7589100,24.80957377559219,0.22184812685277322,0.0544568203754756,341.203,1,1,0,0.634,0
2015,GTM,BLZ,85532830,5620763,24.8807086268189,0.17744238877549634,0.052429139011301806,341.203,1,1,0,0.634,0
2016,GTM,BLZ,70893600,6015086,24.94046247862425,0.15170796652853547,0.05135716038818998,341.203,1,1,0,0.634,0
2017,GTM,BLZ,71823005,9698430,25.020723528394658,0.10473701844585293,0.0492851890226191,341.203,1,1,0,0.634,0
2018,GTM,BLZ,87721228,7267126,25.042412355180808,0.11045096035892321,0.04970519608132502,341.203,1,1,0,0.634,0
2019,GTM,BLZ,102592424,5213204,25.092745761581817,0.09065684155873299,0.0489292786472815,341.203,1,1,0,0.634,0
2020,GTM,BLZ,78761758,5345136,25.09575858026094,0.1121001952113474,0.040446088979325424,341.203,1,1,0,0.634,0
1995,GTM,BOL,17859,6524,23.785283149664977,0.48065496634573535,0.43097654654478706,4247.32,0,1,1,0.871,0
1996,GTM,BOL,290535,66201,23.861877028004617,0.44756147255271195,0.4356358473432731,4247.32,0,1,1,0.871,0
1997,GTM,BOL,1042432,26912,23.970367524437307,0.5016551641825329,0.4264283485296192,4247.32,0,1,1,0.871,0
1998,GTM,BOL,129271,11891,24.051642945924367,0.5146395687535579,0.4236748415077956,4247.32,0,1,1,0.871,0
1999,GTM,BOL,63304,133842,24.00430817660452,0.4787375985174043,0.4288813369579847,4247.32,0,1,1,0.871,0
2000,GTM,BOL,54128,52505,24.044219423173807,0.5118251685011623,0.4226331207330441,4247.32,0,1,1,0.871,0
2001,GTM,BOL,57546,131630,24.002172857356566,0.49097065114596106,0.4252600905246139,4247.32,0,1,1,0.871,0
2002,GTM,BOL,46868,84455,24.067881974898718,0.6212508187876677,0.4021907787535497,4247.32,0,1,1,0.871,0
2003,GTM,BOL,101651,2810648,24.113021904591584,0.6496860534295026,0.3964986857739199,4247.32,0,1,1,0.871,0
2004,GTM,BOL,299076,322406,24.199902669551278,0.6532281616806497,0.3952991850351557,4247.32,0,1,1,0.871,0
2005,GTM,BOL,272083,340063,24.315981839567943,0.6930874906852864,0.3874949058691197,4247.32,0,1,1,0.871,0
2006,GTM,BOL,332295,129770,24.441612760869578,0.6134860989496813,0.40141723837728827,4247.32,0,1,1,0.871,0
2007,GTM,BOL,675128,432907,24.56675411191084,0.5958561003647906,0.40409377309471206,4247.32,0,1,1,0.871,0
2008,GTM,BOL,1363666,98823,24.733833557514377,0.4909637180271522,0.4217428116665104,4247.32,0,1,1,0.871,0
2009,GTM,BOL,1595720,3303909,24.720841310728527,0.41322680430659897,0.4340167137009061,4247.32,0,1,1,0.871,0
2010,GTM,BOL,1041889,146355,24.82303007520048,0.37758684112700536,0.4392555743598503,4247.32,0,1,1,0.871,0
2011,GTM,BOL,1002966,324374,24.983677623830165,0.3190211720178402,0.4476893237931065,4247.32,0,1,1,0.871,0
2012,GTM,BOL,1175231,179875,25.062886653521325,0.2511583158102768,0.45691227641352683,4247.32,0,1,1,0.871,0
2013,GTM,BOL,1986356,172863,25.14997754982277,0.19171420355614455,0.46435204663682805,4247.32,0,1,1,0.871,0
2014,GTM,BOL,1727049,2030554,25.232460089306443,0.2040899665398026,0.4625714047134587,4247.32,0,1,1,0.871,0
2015,GTM,BOL,1175902,300714,25.279102751962103,0.2744211665439682,0.4529922842558525,4247.32,0,1,1,0.871,0
2016,GTM,BOL,2182273,311703,25.32838453409972,0.3048640531396458,0.44843373985841795,4247.32,0,1,1,0.871,0
2017,GTM,BOL,2225934,396044,25.416105968006004,0.2845174646924793,0.45107986885191487,4247.32,0,1,1,0.871,0
2018,GTM,BOL,3136340,67957,25.455035472342136,0.2327207816026604,0.4579320388503269,4247.32,0,1,1,0.871,0
2019,GTM,BOL,5140725,209400,25.493232729710265,0.26689012026832515,0.45307138705328004,4247.32,0,1,1,0.871,0
2020,GTM,BOL,5972975,199328,25.461019190177726,0.3847591767729863,0.43542680256032823,4247.32,0,1,1,0.871,0
1995,GTM,BRA,946700,50805880,27.38766048831892,1.2038562240522097,0.03668788760716679,6390.672,0,0,0,0.827,0
1996,GTM,BRA,1889491,42792653,27.487267677031664,1.244961196034808,0.03554122492913603,6390.672,0,0,0,0.827,0
1997,GTM,BRA,3707538,38911257,27.526767186685557,1.1641441644802804,0.03870995171911318,6390.672,0,0,0,0.827,0
1998,GTM,BRA,339240,61997247,27.50671164105719,1.0637509774962632,0.04296087206599841,6390.672,0,0,0,0.827,0
1999,GTM,BRA,855645,57835937,27.149690355880846,0.764863328642047,0.05752922302470509,6390.672,0,0,0,0.827,0
2000,GTM,BRA,373971,67306916,27.237588845114725,0.8123280770236123,0.05553990249668295,6390.672,0,0,0,0.827,0
2001,GTM,BRA,251063,63152992,27.083512330475813,0.7121635332895986,0.06161778822193664,6390.672,0,0,0,0.827,0
2002,GTM,BRA,580652,78842998,26.99659458422768,0.5230503395907791,0.0741398887214273,6390.672,0,0,0,0.827,0
2003,GTM,BRA,539867,119897410,27.085966431626577,0.56915413838873,0.07165600035906095,6390.672,0,0,0,0.827,0
2004,GTM,BRA,884534,163553703,27.26410333300727,0.6711538476602188,0.06574132373137398,6390.672,0,0,0,0.827,0
2005,GTM,BRA,2178721,432487714,27.545917775954848,0.8398019542574797,0.05662450138340547,6390.672,0,0,0,0.827,0
2006,GTM,BRA,1965011,375569726,27.75974064466055,0.9612295267382018,0.05093587855616799,6390.672,0,0,0,0.827,0
2007,GTM,BRA,14318545,308715052,27.989172450423847,1.0818702278646937,0.045824673945094485,6390.672,0,0,0,0.827,0
2008,GTM,BRA,18976242,268794366,28.181659155435153,1.1477907505563705,0.04341551824931611,6390.672,0,0,0,0.827,0
2009,GTM,BRA,14324723,279102959,28.164071277641803,1.1762605859807902,0.04262266911799695,6390.672,0,0,0,0.827,0
2010,GTM,BRA,13216132,232906587,28.44173554913459,1.3753569645198835,0.035510691060969046,6390.672,0,0,0,0.827,0
2011,GTM,BRA,21052007,274690216,28.610486710073936,1.4117724483497511,0.034585362804500974,6390.672,0,0,0,0.827,0
2012,GTM,BRA,11091484,250791343,28.553223243040687,1.3048294598492998,0.038663516095967854,6390.672,0,0,0,0.827,0
2013,GTM,BRA,16305580,249339043,28.55758525633008,1.2503820378591666,0.041083413818278625,6390.672,0,0,0,0.827,0
2014,GTM,BRA,19138114,202374561,28.552854922933584,1.1646362454549788,0.0449668852470686,6390.672,0,0,0,0.827,0
2015,GTM,BRA,20043254,226976052,28.25395942853872,0.7913875202019298,0.06448407207385132,6390.672,0,0,0,0.827,0
2016,GTM,BRA,36080907,215107178,28.25253640523896,0.735771568190632,0.06844128309693964,6390.672,0,0,0,0.827,0
2017,GTM,BRA,36946231,287562245,28.38956683355344,0.8016137461659358,0.06486559039589768,6390.672,0,0,0,0.827,0
2018,GTM,BRA,44409082,267385291,28.319227255697033,0.7146335338473193,0.07086484434596962,6390.672,0,0,0,0.827,0
2019,GTM,BRA,32094326,321729857,28.30133165858366,0.6513561615984305,0.07569447909759952,6390.672,0,0,0,0.827,0
2020,GTM,BRA,40644855,293507175,28.05126835542131,0.3896764228685221,0.09675717879212531,6390.672,0,0,0,0.827,0
1995,GTM,BRB,2165031,964660,23.548943715245368,1.7666223921593964,0.22826314773106818,3340.769,0,0,0,0.072,0
1996,GTM,BRB,3263339,7964,23.61577314730323,1.7833664646582985,0.22772745201053346,3340.769,0,0,0,0.072,0
1997,GTM,BRB,3586577,20385,23.733315641301946,1.7315598553329394,0.215958228245108,3340.769,0,0,0,0.072,0
1998,GTM,BRB,5073353,56928,23.823924428118257,1.7845523238932541,0.22147906425929656,3340.769,0,0,0,0.072,0
1999,GTM,BRB,4019479,99695,23.780574488942587,1.9079481407207055,0.2390360840082701,3340.769,0,0,0,0.072,0
2000,GTM,BRB,3938557,2075902,23.830017307728422,1.9126001400117643,0.23631769062444263,3340.769,0,0,0,0.072,0
2001,GTM,BRB,1377557,86819791,23.78944277410517,1.9782671987628122,0.24415369903662906,3340.769,0,0,0,0.072,0
2002,GTM,BRB,715015,116985883,23.88242163534697,1.9096572752902334,0.229014900697373,3340.769,0,0,0,0.072,0
2003,GTM,BRB,355884,167793462,23.933538835345626,1.9068694649770235,0.22544348694600627,3340.769,0,0,0,0.072,0
2004,GTM,BRB,1707910,246691975,24.01990927486713,1.9066427562997807,0.22244461300627713,3340.769,0,0,0,0.072,0
2005,GTM,BRB,2619372,7823118,24.14436530720223,1.8994914194962877,0.2184616970598497,3340.769,0,0,0,0.072,0
2006,GTM,BRB,264018,9844,24.248504206031775,1.909853337030845,0.2175237551583877,3340.769,0,0,0,0.072,0
2007,GTM,BRB,1096160,9527670,24.367196781745346,1.9070474732235452,0.21456765907653247,3340.769,0,0,0,0.072,0
2008,GTM,BRB,2461293,228787,24.491161229417894,1.808146273504522,0.19663638642153658,3340.769,0,0,0,0.072,0
2009,GTM,BRB,1377443,50722,24.45116029952391,1.790155977611402,0.19167682241157633,3340.769,0,0,0,0.072,0
2010,GTM,BRB,2404308,9989,24.53450521517825,1.7278933225440882,0.180331081251631,3340.769,0,0,0,0.072,0
2011,GTM,BRB,3278877,105689,24.66550014335268,1.6289562218615696,0.16441947446810046,3340.769,0,0,0,0.072,0
2012,GTM,BRB,1520620,86903,24.716019826517616,1.5776100694209703,0.15563155900573045,3340.769,0,0,0,0.072,0
2013,GTM,BRB,26823809,8529344,24.778064338624475,1.5411545797256068,0.1490361623163314,3340.769,0,0,0,0.072,0
2014,GTM,BRB,1866322,8131311,24.8592144871945,1.4730684877670193,0.1388949161439283,3340.769,0,0,0,0.072,0
2015,GTM,BRB,3093448,3753483,24.926482540481498,1.4199156143995832,0.13102011523991175,3340.769,0,0,0,0.072,0
2016,GTM,BRB,3283091,6448142,24.98430669616555,1.3986089900734182,0.1269934659036689,3340.769,0,0,0,0.072,0
2017,GTM,BRB,3071721,6548121,25.06228233458181,1.362177913948445,0.12147986431548102,3340.769,0,0,0,0.072,0
2018,GTM,BRB,1676264,5788082,25.083750650729446,1.3768468342779823,0.12149042848618702,3340.769,0,0,0,0.072,0
2019,GTM,BRB,2717680,8742496,25.13277405970914,1.3641676642527933,0.11866913452597785,3340.769,0,0,0,0.072,0
2020,GTM,BRB,5149483,6404244,25.130261048209405,1.2058862763743967,0.10192388001717685,3340.769,0,0,0,0.072,0
1995,GTM,CAN,22185311,50291514,27.15086537250531,2.67201115485625,0.04625359137970064,3398.818,0,0,0,0.453,0
1996,GTM,CAN,37735943,56183812,27.19130801895037,2.658121097063015,0.0474788584965149,3398.818,0,0,0,0.453,0
1997,GTM,CAN,51167914,72090844,27.234679798287843,2.5863879823990352,0.05148692543440325,3398.818,0,0,0,0.453,0
1998,GTM,CAN,53902032,0,27.205448436782866,2.4827396383026406,0.057606008809947706,3398.818,0,0,0,0.453,0
1999,GTM,CAN,35044585,118894015,27.269664671593553,2.623146063640336,0.051201382853905075,3398.818,0,0,0,0.453,0
2000,GTM,CAN,63067066,120584218,27.36191509280816,2.679878318063209,0.04921556842499708,3398.818,0,0,0,0.453,0
2001,GTM,CAN,42736792,90817422,27.3531401832787,2.732124649270049,0.047420778234867456,3398.818,0,0,0,0.453,0
2002,GTM,CAN,35188836,69796525,27.38396074925453,2.668062093219887,0.05097751265322881,3398.818,0,0,0,0.453,0
2003,GTM,CAN,37100852,57534521,27.544500889323402,2.790212599075134,0.04594558933987769,3398.818,0,0,0,0.453,0
2004,GTM,CAN,48691049,89163508,27.680066032888487,2.850124277311422,0.043889776640542166,3398.818,0,0,0,0.453,0
2005,GTM,CAN,73251002,190471222,27.813252787387725,2.867264338308166,0.043646742062139365,3398.818,0,0,0,0.453,0
2006,GTM,CAN,94735405,141270098,27.93039149646822,2.8899885955577966,0.0431257749636238,3398.818,0,0,0,0.453,0
2007,GTM,CAN,111321133,134250695,28.038077141926063,2.886492379158619,0.043687589692591455,3398.818,0,0,0,0.453,0
2008,GTM,CAN,110818844,174517492,28.09569403311203,2.813470795218689,0.0472164251047118,3398.818,0,0,0,0.453,0
2009,GTM,CAN,110197941,109147219,27.97585195456035,2.7353055696616497,0.051212445877605095,3398.818,0,0,0,0.453,0
2010,GTM,CAN,135974713,103866832,28.136645114376652,2.8138234832616584,0.04786253027197174,3398.818,0,0,0,0.453,0
2011,GTM,CAN,150549705,100372341,28.240896868884157,2.7836594199759013,0.049648902501548964,3398.818,0,0,0,0.453,0
2012,GTM,CAN,148939653,93279272,28.261207432948236,2.75356598078028,0.05142202367381277,3398.818,0,0,0,0.453,0
2013,GTM,CAN,159479404,86239715,28.27266127533594,2.704135957651385,0.05424106170297094,3398.818,0,0,0,0.453,0
2014,GTM,CAN,235220451,77658826,28.25353243947026,2.6013330972581397,0.06015926263674953,3398.818,0,0,0,0.453,0
2015,GTM,CAN,232161948,94852410,28.11264138670845,2.390015822241663,0.07388315865823936,3398.818,0,0,0,0.453,0
2016,GTM,CAN,347837183,90694626,28.097298101704112,2.316448410960458,0.07944126037640609,3398.818,0,0,0,0.453,0
2017,GTM,CAN,222168739,86528316,28.173880018836552,2.315721188779234,0.0798069309363284,3398.818,0,0,0,0.453,0
2018,GTM,CAN,163950267,102364873,28.217995104332964,2.3412264103002762,0.0780952902540446,3398.818,0,0,0,0.453,0
2019,GTM,CAN,223642001,87800226,28.22932728998116,2.301340901971919,0.08109673274007911,3398.818,0,0,0,0.453,0
2020,GTM,CAN,200732439,93997348,28.175104347131214,2.240406243586273,0.08602221511609343,3398.818,0,0,0,0.453,0
1995,GTM,CHL,19035766,11011708,25.20176638030874,1.2767174740922815,0.27734867339070646,5756.752,0,1,1,0.773,0
1996,GTM,CHL,13489715,11318596,25.263517779972165,1.279890922822954,0.2785705105695675,5756.752,0,1,1,0.773,0
1997,GTM,CHL,26830919,15321970,25.355490596522984,1.2482244851494517,0.2863404695191156,5756.752,0,1,1,0.773,0
1998,GTM,CHL,11773929,16995364,25.33811822056054,1.13203496875495,0.310378025815758,5756.752,0,1,1,0.773,0
1999,GTM,CHL,15111957,20942455,25.261143919482876,1.118833478589142,0.31508916909147033,5756.752,0,1,1,0.773,0
2000,GTM,CHL,11539243,22775721,25.299519535266366,1.1149033471116647,0.3182525983077391,5756.752,0,1,1,0.773,0
2001,GTM,CHL,1782554,23482336,25.216220149732962,1.082030710213254,0.3270209881023469,5756.752,0,1,1,0.773,0
2002,GTM,CHL,8542691,31035567,25.22508479204644,0.9714862551649892,0.3506162727869452,5756.752,0,1,1,0.773,0
2003,GTM,CHL,3367756,38948073,25.30024035108473,1.010218059378711,0.3453582574706564,5756.752,0,1,1,0.773,0
2004,GTM,CHL,7232866,44907427,25.533722514435752,1.2036271215056003,0.3102925867669808,5756.752,0,1,1,0.773,0
2005,GTM,CHL,11557766,114982004,25.732222093669353,1.3011308907133472,0.293734364337908,5756.752,0,1,1,0.773,0
2006,GTM,CHL,6268391,160628515,25.941090856380775,1.4361394438277086,0.27041256913497436,5756.752,0,1,1,0.773,0
2007,GTM,CHL,43417976,274323011,26.05682406764978,1.4390155897732706,0.2715492406667255,5756.752,0,1,1,0.773,0
2008,GTM,CHL,97924825,267014712,26.108413710045102,1.3445452658108499,0.29070580031933524,5756.752,0,1,1,0.773,0
2009,GTM,CHL,95336817,138164876,26.06806328246893,1.3480155579515642,0.2915991320639919,5756.752,0,1,1,0.773,0
2010,GTM,CHL,91594071,93924541,26.28091974768822,1.5018605752545815,0.2645952648578598,5756.752,0,1,1,0.773,1
2011,GTM,CHL,135617795,128412338,26.42413776901326,1.5116915976303655,0.2643027998144677,5756.752,0,1,1,0.773,1
2012,GTM,CHL,130181737,130406495,26.481272198069266,1.5207530683736081,0.26413636225468573,5756.752,0,1,1,0.773,1
2013,GTM,CHL,107714969,121894142,26.526534225722614,1.5034750892388065,0.26869985454779766,5756.752,0,1,1,0.773,1
2014,GTM,CHL,112662035,120011328,26.486555563642174,1.356242615451837,0.29737103331048753,5756.752,0,1,1,0.773,1
2015,GTM,CHL,104899579,113610243,26.447194886321068,1.2232159762893406,0.3237636530593768,5756.752,0,1,1,0.773,1
2016,GTM,CHL,90557100,100853802,26.48056972523076,1.1925925481552682,0.3302939707437358,5756.752,0,1,1,0.773,1
2017,GTM,CHL,94850704,117555115,26.577445699187408,1.2141579558332758,0.32653471600944084,5756.752,0,1,1,0.773,1
2018,GTM,CHL,119815681,123184561,26.638875478347224,1.2663018501154202,0.316920526165251,5756.752,0,1,1,0.773,1
2019,GTM,CHL,110533049,126016037,26.59933497166578,1.156261059953053,0.338804084711669,5756.752,0,1,1,0.773,1
2020,GTM,CHL,95934767,137208882,26.524007601230856,1.0558337399441413,0.359314642759867,5756.752,0,1,1,0.773,1
1995,GTM,COL,6561786,32086770,25.39761392625429,0.5781807683817242,0.23611117842385787,2025.943,0,1,1,0.908,0
1996,GTM,COL,9622285,31376374,25.449191923185555,0.5662106996617036,0.2392399720432754,2025.943,0,1,1,0.908,0
1997,GTM,COL,8651054,35043609,25.547166125237702,0.5391803052765995,0.2450301963860495,2025.943,0,1,1,0.908,0
1998,GTM,COL,7412935,45596985,25.492587091209213,0.3794048625391886,0.2750040529278912,2025.943,0,1,1,0.908,0
1999,GTM,COL,7741468,56746905,25.37249664841029,0.3108374991424334,0.28912442080370127,2025.943,0,1,1,0.908,0
2000,GTM,COL,10150373,66296366,25.50386223211277,0.41504580285702986,0.2713124230342625,2025.943,0,1,1,0.908,0
2001,GTM,COL,7130678,78226782,25.482160498652387,0.4533804919647473,0.2658341017853031,2025.943,0,1,1,0.908,0
2002,GTM,COL,7596470,81894682,25.497395451088074,0.35348773764782937,0.28569723842090156,2025.943,0,1,1,0.908,0
2003,GTM,COL,6634984,93578521,25.47873125571502,0.27212449286282503,0.3023738906520106,2025.943,0,1,1,0.908,0
2004,GTM,COL,6878214,124032624,25.669602997552374,0.4033024552252247,0.2790476074459505,2025.943,0,1,1,0.908,0
2005,GTM,COL,15017427,186444676,25.873099060764332,0.5011970962524117,0.2624389821190396,2025.943,0,1,1,0.908,0
2006,GTM,COL,15037103,182862146,25.977437720305335,0.5079641326952968,0.2625489713771647,2025.943,0,1,1,0.908,0
2007,GTM,COL,26170608,214532802,26.20286127916757,0.6379687826067117,0.24081748395162705,2025.943,0,1,1,0.908,0
2008,GTM,COL,40193750,289060934,26.36051959349253,0.6692439226174427,0.23671655815880488,2025.943,0,1,1,0.908,0
2009,GTM,COL,31908707,308434975,26.319922458072117,0.6721129488543465,0.2375447298615776,2025.943,0,1,1,0.908,1
2010,GTM,COL,54346952,393961491,26.5139582694027,0.7981472294514704,0.2177015804707736,2025.943,0,1,1,0.908,1
2011,GTM,COL,67440005,596788738,26.66821509517135,0.8208032495339435,0.21539535018962597,2025.943,0,1,1,0.908,1
2012,GTM,COL,61245094,551033430,26.764746657258147,0.8752410396360304,0.2080544574322054,2025.943,0,1,1,0.908,1
2013,GTM,COL,38643945,767947778,26.798870839446575,0.8471205326574953,0.21392888668115995,2025.943,0,1,1,0.908,1
2014,GTM,COL,52935581,376741608,26.807684425847047,0.7640039649070811,0.22884703928358263,2025.943,0,1,1,0.908,1
2015,GTM,COL,62203972,376080525,26.59726336513093,0.43569804990779737,0.28854635479485746,2025.943,0,1,1,0.908,1
2016,GTM,COL,54425620,375015077,26.5779902344037,0.3412796671022704,0.30697013360761605,2025.943,0,1,1,0.908,1
2017,GTM,COL,62123526,400317982,26.67270418839119,0.35883839604915835,0.303841769852093,2025.943,0,1,1,0.908,1
2018,GTM,COL,36023108,527658516,26.733078028044947,0.4072418867425025,0.2948082161147192,2025.943,0,1,1,0.908,1
2019,GTM,COL,42984342,588555458,26.71585451232433,0.325773309255208,0.310682906365797,2025.943,0,1,1,0.908,1
2020,GTM,COL,43335283,408289063,26.578458750294526,0.14742362152022892,0.34580534022174647,2025.943,0,1,1,0.908,1
1995,GTM,CRI,100993689,69256704,23.990322066532183,0.8295230963646478,0.49312231272333384,871.464,0,1,1,0.854,1
1996,GTM,CRI,99751827,61988251,24.032101558808524,0.7706909989473143,0.4893268619172739,871.464,0,1,1,0.854,1
1997,GTM,CRI,111862827,107933555,24.13786069047826,0.7212431388874201,0.4855128671535143,871.464,0,1,1,0.854,1
1998,GTM,CRI,119962500,163129100,24.22218708735359,0.7172681228006885,0.4850958970770476,871.464,0,1,1,0.854,1
1999,GTM,CRI,121179398,141354582,24.206758112280674,0.8177411082440589,0.49221860587163524,871.464,0,1,1,0.854,1
2000,GTM,CRI,126801397,200946355,24.258482815884694,0.8227123650359074,0.49223338250314086,871.464,0,1,1,0.854,1
2001,GTM,CRI,156339613,275572846,24.260780923071206,0.9378343272341985,0.49750431927136873,871.464,0,1,1,0.854,1
2002,GTM,CRI,142448910,286770634,24.33480589867105,0.8763395444248969,0.49454980869373905,871.464,0,1,1,0.854,1
2003,GTM,CRI,152557172,302087459,24.3829253232863,0.8699183790632086,0.49386105123572527,871.464,0,1,1,0.854,1
2004,GTM,CRI,181210200,319830248,24.465398838378633,0.8625832314295225,0.49307006872648207,871.464,0,1,1,0.854,1
2005,GTM,CRI,205177257,256756450,24.569665704323867,0.8157004016051257,0.4896313283810263,871.464,0,1,1,0.854,1
2006,GTM,CRI,120316284,178771848,24.683315065962805,0.8425130006881494,0.49102404320524734,871.464,0,1,1,0.854,1
2007,GTM,CRI,257684579,405612763,24.825124905539994,0.8963184928260484,0.49388909910835466,871.464,0,1,1,0.854,1
2008,GTM,CRI,318501137,422401067,24.961791659229387,0.901224292196054,0.49382476367690564,871.464,0,1,1,0.854,1
2009,GTM,CRI,283746028,313410128,24.940884340638636,0.9418299497911065,0.495581590130657,871.464,0,1,1,0.854,1
2010,GTM,CRI,347004930,427685823,25.084260936632816,1.0592245312083035,0.4992579320825023,871.464,0,1,1,0.854,1
2011,GTM,CRI,403525921,455533309,25.219053337319806,1.0505641990800676,0.4989470661497416,871.464,0,1,1,0.854,1
2012,GTM,CRI,424453857,476933530,25.296177393383946,1.0995947914739244,0.49970237938785833,871.464,0,1,1,0.854,1
2013,GTM,CRI,396184489,519812602,25.367139418738933,1.115107266756537,0.499806120207608,871.464,0,1,1,0.854,1
2014,GTM,CRI,418346537,537047109,25.422552844739673,1.0542748007158327,0.4985892488905572,871.464,0,1,1,0.854,1
2015,GTM,CRI,417674839,599653394,25.49925926195358,1.069733388362211,0.4988276309323102,871.464,0,1,1,0.854,1
2016,GTM,CRI,425795685,595498001,25.550785187557842,1.0571339532670674,0.49833538445345454,871.464,0,1,1,0.854,1
2017,GTM,CRI,423428182,610350687,25.60735615622897,1.009716648313482,0.4964492134846261,871.464,0,1,1,0.854,1
2018,GTM,CRI,429366757,658109588,25.63318720221315,1.0252905326326118,0.49683639628912,871.464,0,1,1,0.854,1
2019,GTM,CRI,427719981,691104858,25.672684277333076,1.0066957579427172,0.49578975135770476,871.464,0,1,1,0.854,1
2020,GTM,CRI,445103889,688184265,25.660982903210677,0.9697940981383368,0.49361573137117143,871.464,0,1,1,0.854,1
1995,GTM,DMA,117613,0,23.42663353592679,0.9969255433674071,0.036098566892228935,3131.07,0,0,0,0.848,0
1996,GTM,DMA,253899,0,23.493797494910673,1.018824986484077,0.03594070334967922,3131.07,0,0,0,0.848,0
1997,GTM,DMA,44520,0,23.61879179524042,0.9566092957604049,0.032931491028944444,3131.07,0,0,0,0.848,0
1998,GTM,DMA,105509,0,23.704792847003862,0.9617685250971677,0.03216765040665419,3131.07,0,0,0,0.848,0
1999,GTM,DMA,172541,0,23.64912117927403,1.0762504191915312,0.03494420920844046,3131.07,0,0,0,0.848,0
2000,GTM,DMA,116403,0,23.699932385617902,1.0566673280325007,0.03341129861808261,3131.07,0,0,0,0.848,0
2001,GTM,DMA,274831,549,23.654214629058895,1.147273006610681,0.03563853890435232,3131.07,0,0,0,0.848,0
2002,GTM,DMA,404720,41748,23.75713180456828,1.041950235503152,0.031558613307242286,3131.07,0,0,0,0.848,0
2003,GTM,DMA,1359823,15477,23.81064992071572,1.0360201719678832,0.03083387642167584,3131.07,0,0,0,0.848,0
2004,GTM,DMA,1097294,187,23.899003914116584,1.0318064524159771,0.030200590752281098,3131.07,0,0,0,0.848,0
2005,GTM,DMA,668254,21875,24.024561820100473,0.9142851096650819,0.026474938482899942,3131.07,0,0,0,0.848,0
2006,GTM,DMA,668161,0,24.12894051264415,0.8966785289427728,0.025565146032489522,3131.07,0,0,0,0.848,0
2007,GTM,DMA,959679,0,24.24930991140042,0.87112082993331,0.02448717025457797,3131.07,0,0,0,0.848,0
2008,GTM,DMA,931696,3393,24.385853976540933,0.8365146959368479,0.023243162229980716,3131.07,0,0,0,0.848,0
2009,GTM,DMA,1230110,122366,24.350669212895383,0.9567321099006723,0.025666083190273935,3131.07,0,0,0,0.848,0
2010,GTM,DMA,675590,12095,24.440981938302944,0.8930247042232216,0.02370170331420264,3131.07,0,0,0,0.848,0
2011,GTM,DMA,458654,43830,24.581405682999502,0.7833412559945376,0.02092686206044502,3131.07,0,0,0,0.848,0
2012,GTM,DMA,965577,280,24.636886713858594,0.7137064488541007,0.01922046323486605,3131.07,0,0,0,0.848,0
2013,GTM,DMA,598774,5698200,24.702850981516555,0.6889987616729627,0.018456163978742786,3131.07,0,0,0,0.848,0
2014,GTM,DMA,128344,160,24.79011256487826,0.660637460848795,0.017664840575724757,3131.07,0,0,0,0.848,0
2015,GTM,DMA,151818,3279,24.8620565961305,0.642838769487108,0.01709236117605223,3131.07,0,0,0,0.848,0
2016,GTM,DMA,602525,9688,24.92242008332617,0.6608042554806595,0.01714683071185809,3131.07,0,0,0,0.848,0
2017,GTM,DMA,343371,19997,25.002345311137425,0.49056414030259887,0.014301357450290429,3131.07,0,0,0,0.848,0
2018,GTM,DMA,547609,2010,25.024071651238934,0.5403194724032154,0.014818807965239829,3131.07,0,0,0,0.848,0
2019,GTM,DMA,477046,41549,25.07523978250555,0.607559500672636,0.015630750126304882,3131.07,0,0,0,0.848,0
2020,GTM,DMA,678273,41288,25.081369165038595,0.4196792422187894,0.012827227239007767,3131.07,0,0,0,0.848,0
1995,GTM,DOM,16787064,645952,24.16665308588219,0.4011151734582086,0.49799426099705946,2251.793,0,1,1,0.909,0
1996,GTM,DOM,14148309,527537,24.24716826859263,0.4330207117857876,0.497136149548362,2251.793,0,1,1,0.909,0
1997,GTM,DOM,17885404,1045886,24.355773498599813,0.40649873482861487,0.49826447305192295,2251.793,0,1,1,0.909,0
1998,GTM,DOM,22696187,1898911,24.438488339800728,0.4071869679157887,0.4984632772274861,2251.793,0,1,1,0.909,0
1999,GTM,DOM,28926970,1366899,24.423456912472908,0.493651839366013,0.4955460607857655,2251.793,0,1,1,0.909,0
2000,GTM,DOM,22573952,3202358,24.498197857925813,0.5446216372244734,0.4933782171349129,2251.793,0,1,1,0.909,0
2001,GTM,DOM,19929791,8021427,24.507613850449665,0.6525746292387709,0.4866285910153788,2251.793,0,1,1,0.909,0
2002,GTM,DOM,40809791,14322352,24.58571437832779,0.6141527184235462,0.49010602620376603,2251.793,0,1,1,0.909,1
2003,GTM,DOM,34333608,15721969,24.48398955190146,0.33042009450231813,0.4999918817545988,2251.793,0,1,1,0.909,1
2004,GTM,DOM,32810829,17124871,24.549724017053514,0.2911178492073603,0.4996262660336833,2251.793,0,1,1,0.909,1
2005,GTM,DOM,49131168,12088817,24.859409736774765,0.6425239063103483,0.4896659779741676,2251.793,0,1,1,0.909,1
2006,GTM,DOM,55414769,13185503,24.93723230615763,0.6017742266088346,0.4927634107125811,2251.793,0,1,1,0.909,1
2007,GTM,DOM,91982068,24226668,25.07397320876299,0.6366361373807115,0.4910080107799855,2251.793,0,1,1,0.909,1
2008,GTM,DOM,113619995,23724983,25.184870571471205,0.5963832237027598,0.49383545940626633,2251.793,0,1,1,0.909,1
2009,GTM,DOM,107163140,15153406,25.17045943036521,0.6420425351812113,0.4914969609893105,2251.793,0,1,1,0.909,1
2010,GTM,DOM,133894743,39492284,25.27225297828064,0.6665565963148774,0.490275943614137,2251.793,0,1,1,0.909,1
2011,GTM,DOM,127187921,83402006,25.37632926495282,0.6053485481948986,0.49434798371400296,2251.793,0,1,1,0.909,1
2012,GTM,DOM,115430120,124711491,25.42624760197094,0.5995239929812062,0.4949454188904583,2251.793,0,1,1,0.909,1
2013,GTM,DOM,127569771,126192591,25.474082396650847,0.5714321733219592,0.4964947555938531,2251.793,0,1,1,0.909,1
2014,GTM,DOM,142086045,41574017,25.551838052766264,0.5587765678638554,0.49721735828293984,2251.793,0,1,1,0.909,1
2015,GTM,DOM,150884662,38786335,25.616250675340385,0.5496827948528278,0.4977332774578031,2251.793,0,1,1,0.909,1
2016,GTM,DOM,149739430,21635937,25.67739035618219,0.5565447408973192,0.49768251828892796,2251.793,0,1,1,0.909,1
2017,GTM,DOM,144877192,21733772,25.744854984603695,0.5355648054855404,0.4984864207877377,2251.793,0,1,1,0.909,1
2018,GTM,DOM,172855441,20945075,25.790684419209338,0.5864807547408439,0.49697605022812774,2251.793,0,1,1,0.909,1
2019,GTM,DOM,169084872,24379402,25.835020555583004,0.5796784981260839,0.497420102941464,2251.793,0,1,1,0.909,1
2020,GTM,DOM,165021259,31517488,25.775998053294913,0.4567261991408458,0.49996858659038357,2251.793,0,1,1,0.909,1
1995,GTM,ECU,894222,29852347,24.389088741822796,0.40353672436387633,0.4687154034076452,2118.501,0,1,1,0.907,0
1996,GTM,ECU,1541864,28878008,24.43442594384488,0.37086190445784606,0.4727324769528109,2118.501,0,1,1,0.907,0
1997,GTM,ECU,2618401,21551344,24.550864934955623,0.3569522236600591,0.47452659908319045,2118.501,0,1,1,0.907,0
1998,GTM,ECU,3250879,18128815,24.581410925282775,0.2672961187926326,0.4835770755944568,2118.501,0,1,1,0.907,0
1999,GTM,ECU,3845681,14793878,24.359895878887365,0.025373964157330953,0.49938922150116566,2118.501,0,1,1,0.907,0
2000,GTM,ECU,1860803,26642287,24.35071106770323,0.1411013816971156,0.49967362703909635,2118.501,0,1,1,0.907,0
2001,GTM,ECU,812726,10691506,24.481520406055356,0.20052888503937005,0.49000037045496186,2118.501,0,1,1,0.907,0
2002,GTM,ECU,1846572,7342185,24.61494634959414,0.2551206581414105,0.48631712597067867,2118.501,0,1,1,0.907,0
2003,GTM,ECU,2312076,11004795,24.712420420800125,0.3335171683884237,0.47979706216939877,2118.501,0,1,1,0.907,0
2004,GTM,ECU,6008077,10041232,24.82042222937679,0.3699244372787902,0.476607760775239,2118.501,0,1,1,0.907,0
2005,GTM,ECU,5527819,92562354,24.947038385720703,0.3725011337420181,0.4767580617731704,2118.501,0,1,1,0.907,0
2006,GTM,ECU,3694042,146083441,25.061163088074593,0.39122352127727833,0.4751709534776794,2118.501,0,1,1,0.907,0
2007,GTM,ECU,12196013,190146547,25.160912181765866,0.35937606278393996,0.4787397788943059,2118.501,0,1,1,0.907,0
2008,GTM,ECU,13798714,124122387,25.3310974564831,0.4161898226987626,0.4730950690551957,2118.501,0,1,1,0.907,0
2009,GTM,ECU,9768951,206816759,25.32488602479082,0.46733960586184153,0.4675281588237488,2118.501,0,1,1,0.907,0
2010,GTM,ECU,29516175,178338924,25.42585124946879,0.48511982896500516,0.4656822695064149,2118.501,0,1,1,0.907,0
2011,GTM,ECU,24215469,184022422,25.560759538350545,0.47688845097477817,0.4670176868911718,2118.501,0,1,1,0.907,0
2012,GTM,ECU,22053886,220178073,25.64702432784666,0.5268486236927572,0.46115469236917134,2118.501,0,1,1,0.907,0
2013,GTM,ECU,22165665,134743492,25.72133044806778,0.5418555422409082,0.4595467472325779,2118.501,0,1,1,0.907,0
2014,GTM,ECU,28279707,68025317,25.79580324844368,0.5230831114454393,0.46220510990891206,2118.501,0,1,1,0.907,0
2015,GTM,ECU,38040248,69072941,25.807625876671942,0.42734294279557794,0.47360042108245387,2118.501,0,1,1,0.907,0
2016,GTM,ECU,22563558,51193725,25.835201943539847,0.3730176511537415,0.47916529671155167,2118.501,0,1,1,0.907,0
2017,GTM,ECU,43789082,59161134,25.893465680131623,0.33291146833497187,0.4827917085519097,2118.501,0,1,1,0.907,0
2018,GTM,ECU,53080615,68811559,25.920494615473817,0.340632790344813,0.4819426294466052,2118.501,0,1,1,0.907,0
2019,GTM,ECU,53348594,89650009,25.94431344539727,0.2937555875300486,0.4859002612641805,2118.501,0,1,1,0.907,0
2020,GTM,ECU,48767662,45668280,25.896091645584804,0.19605412570531122,0.4927769486933963,2118.501,0,1,1,0.907,0
1995,GTM,GRD,41145,0,23.431154488453227,0.8733399342657737,0.04458930795186532,3127.97,0,0,0,0.612,0
1996,GTM,GRD,0,0,23.498460352391096,0.8928010725624596,0.04469829117848767,3127.97,0,0,0,0.612,0
1997,GTM,GRD,0,0,23.62370985523709,0.8508592328775091,0.042209488714947375,3127.97,0,0,0,0.612,0
1998,GTM,GRD,71611,0,23.711036278344704,0.9119516582638285,0.04393668998942382,3127.97,0,0,0,0.612,0
1999,GTM,GRD,87040,0,23.65714513321885,1.0666695903073755,0.04996180584732458,3127.97,0,0,0,0.612,0
2000,GTM,GRD,65359,0,23.709395731333355,1.1113649364431977,0.051127757633726845,3127.97,0,0,0,0.612,0
2001,GTM,GRD,41118,839,23.66378387812957,1.1791195044177174,0.053486387921664665,3127.97,0,0,0,0.612,0
2002,GTM,GRD,45068,0,23.76705195207711,1.1307334744393236,0.05017251410251847,3127.97,0,0,0,0.612,0
2003,GTM,GRD,31471,0,23.821887234067514,1.1847618489774936,0.05190159076355387,3127.97,0,0,0,0.612,0
2004,GTM,GRD,9576,0,23.908642987010385,1.1276556432513383,0.04833404819107858,3127.97,0,0,0,0.612,0
2005,GTM,GRD,25477,0,24.036691524382647,1.167189226407114,0.04934292288880608,3127.97,0,0,0,0.612,0
2006,GTM,GRD,27475,0,24.139124178839324,1.0844390817923406,0.04484861571959461,3127.97,0,0,0,0.612,0
2007,GTM,GRD,98191,0,24.259184999966386,1.0632996068314489,0.04322689973192603,3127.97,0,0,0,0.612,0
2008,GTM,GRD,855408,0,24.39524932645127,1.027764172400409,0.04112040759076876,3127.97,0,0,0,0.612,0
2009,GTM,GRD,985644,0,24.358143572214622,1.0113729596440724,0.03987515437728509,3127.97,0,0,0,0.612,0
2010,GTM,GRD,227369,40017,24.447692083042103,0.9339148632625021,0.0365122973796192,3127.97,0,0,0,0.612,0
2011,GTM,GRD,386806,0,24.587248579064113,0.8148655092123214,0.032145074042067,3127.97,0,0,0,0.612,0
2012,GTM,GRD,798372,0,24.643134849820324,0.7969575302065959,0.031241357279255578,3127.97,0,0,0,0.612,0
2013,GTM,GRD,500445,0,24.70926693551032,0.7935450002629008,0.03081149523584938,3127.97,0,0,0,0.612,0
2014,GTM,GRD,846649,0,24.796793512995972,0.7950293347779667,0.030541167176417937,3127.97,0,0,0,0.612,0
2015,GTM,GRD,819611,687,24.869304192955234,0.8229412836010503,0.031061281712156698,3127.97,0,0,0,0.612,0
2016,GTM,GRD,489226,51,24.929678853064924,0.8359949488051459,0.031135866991159267,3127.97,0,0,0,0.612,0
2017,GTM,GRD,1324327,0,25.010704549925855,0.8239393820681027,0.030455536258878143,3127.97,0,0,0,0.612,0
2018,GTM,GRD,634899,0,25.03238714369474,0.8489448545012834,0.030876659121717505,3127.97,0,0,0,0.612,0
2019,GTM,GRD,621080,0,25.08295367848391,0.8476630880088738,0.03052166530175833,3127.97,0,0,0,0.612,0
2020,GTM,GRD,470650,0,25.088231923644273,0.6990895801221111,0.0261496510329484,3127.97,0,0,0,0.612,0
1995,GTM,GUY,127267,0,23.449616309870006,0.5566339929668453,0.07806917521983302,3640.024,0,0,0,0.178,0
1996,GTM,GUY,522365,68534,23.519341665979173,0.4727675312521775,0.08241979572919965,3640.024,0,0,0,0.178,0
1997,GTM,GUY,635914,0,23.643151316843557,0.5118971937056322,0.07755112694513304,3640.024,0,0,0,0.178,0
1998,GTM,GUY,358066,6059,23.72463333655501,0.6122350164507004,0.06880445939545982,3640.024,0,0,0,0.178,0
1999,GTM,GUY,815400,2058,23.66839758870221,0.5582059531825765,0.07041100792883628,3640.024,0,0,0,0.178,0
2000,GTM,GUY,646514,26886,23.719072860488104,0.5560760635887698,0.06872236464853797,3640.024,0,0,0,0.178,0
2001,GTM,GUY,267353,0,23.673863257541765,0.4838348452973058,0.07172927945468309,3640.024,0,0,0,0.178,0
2002,GTM,GUY,196648,35,23.775866860829666,0.545944566435427,0.06624603986835069,3640.024,0,0,0,0.178,0
2003,GTM,GUY,124151,0,23.828722803673926,0.5554580918756216,0.06436779430231195,3640.024,0,0,0,0.178,0
2004,GTM,GUY,449836,399,23.916417642345795,0.5652021077384193,0.06257650405192507,3640.024,0,0,0,0.178,0
2005,GTM,GUY,658918,6549,24.041386788366164,0.6265198743203637,0.057970341293629823,3640.024,0,0,0,0.178,0
2006,GTM,GUY,244391,203245,24.192875056694135,0.34819125466755363,0.13718741751688993,3640.024,0,0,0,0.178,0
2007,GTM,GUY,1719162,312193,24.315051607255366,0.3844642321639755,0.13915069839518224,3640.024,0,0,0,0.178,0
2008,GTM,GUY,3151119,599067,24.4496590374599,0.3684126919146111,0.13507738562968327,3640.024,0,0,0,0.178,0
2009,GTM,GUY,3615457,78395,24.419409014176093,0.4678468262780342,0.14479148577884463,3640.024,0,0,0,0.178,0
2010,GTM,GUY,1994671,25093,24.509937504021167,0.47363916076885726,0.14354049316161355,3640.024,0,0,0,0.178,0
2011,GTM,GUY,3122250,5271,24.646574893983583,0.4191050130240548,0.13534054398424744,3640.024,0,0,0,0.178,0
2012,GTM,GUY,5803395,11214,24.70587871087698,0.47200454895928345,0.1399785722882274,3640.024,0,0,0,0.178,0
2013,GTM,GUY,3371775,89877,24.76919613119031,0.44352306293849963,0.1351867145449983,3640.024,0,0,0,0.178,0
2014,GTM,GUY,3731494,208263,24.850078548579642,0.35809227963665613,0.12432293719310493,3640.024,0,0,0,0.178,0
2015,GTM,GUY,2777820,1116832,24.919956778419394,0.3336670810230551,0.12049028675976833,3640.024,0,0,0,0.178,0
2016,GTM,GUY,3900402,11178,24.979395042940148,0.33111365939621074,0.11902546045675826,3640.024,0,0,0,0.178,0
2017,GTM,GUY,5835291,755337,25.05927875141454,0.31855781307131004,0.11656950203303243,3640.024,0,0,0,0.178,0
2018,GTM,GUY,5882421,100047,25.079926200873892,0.3165007152800232,0.11523012562222767,3640.024,0,0,0,0.178,0
2019,GTM,GUY,6004917,748986,25.132345410997292,0.3540895849236261,0.11796740661559539,3640.024,0,0,0,0.178,0
2020,GTM,GUY,6510937,631972,25.143020349478437,0.4128138145533651,0.12304238231270179,3640.024,0,0,0,0.178,0
1995,GTM,HND,124814113,53218225,23.719140572276785,0.41937576263732534,0.391733216258622,359.267,1,1,1,0.902,1
1996,GTM,HND,140194209,43988557,23.762529931009936,0.5162989844399579,0.37464372868703505,359.267,1,1,1,0.902,1
1997,GTM,HND,177229423,65604097,23.881419884830436,0.5525641570744453,0.3687747907735184,359.267,1,1,1,0.902,1
1998,GTM,HND,215868479,96041848,23.972159863714914,0.5397630714634474,0.3721064061864235,359.267,1,1,1,0.902,1
1999,GTM,HND,208528966,79154662,23.931401503481453,0.47941085080433865,0.38417649433701,359.267,1,1,1,0.902,1
2000,GTM,HND,233130433,84127498,23.996351553117528,0.43197040010611687,0.3934250938161969,359.267,1,1,1,0.902,1
2001,GTM,HND,295305753,135797997,23.980248623317614,0.3246677970164722,0.41290422046742625,359.267,1,1,1,0.902,1
2002,GTM,HND,271405028,100954978,24.063277559254765,0.4053828771936647,0.39922466863057865,359.267,1,1,1,0.902,1
2003,GTM,HND,281172346,101559499,24.114972665438316,0.41682613935534363,0.3977847677229855,359.267,1,1,1,0.902,1
2004,GTM,HND,347542508,119198616,24.199863047426135,0.43404382556417076,0.3952727546541923,359.267,1,1,1,0.902,1
2005,GTM,HND,394042606,103235605,24.319360005753214,0.46700521635532155,0.3898411213937474,359.267,1,1,1,0.902,1
2006,GTM,HND,308700234,76336499,24.42669130861543,0.46066212630901404,0.39154225146406696,359.267,1,1,1,0.902,1
2007,GTM,HND,592963392,279029510,24.548496389165148,0.4601935490843916,0.39213888679213704,359.267,1,1,1,0.902,1
2008,GTM,HND,736828826,353391828,24.68013421615268,0.48365303684968985,0.38831917414875244,359.267,1,1,1,0.902,1
2009,GTM,HND,606382751,124022147,24.66702203954692,0.4001650561313337,0.40379194223428017,359.267,1,1,1,0.902,1
2010,GTM,HND,700082526,307000074,24.75584281210576,0.4110227423631647,0.4021981112037999,359.267,1,1,1,0.902,1
2011,GTM,HND,813672206,344687305,24.88937607305369,0.4424439205769586,0.3967921954559869,359.267,1,1,1,0.902,1
2012,GTM,HND,795461577,367118528,24.942692656514723,0.45456549666058255,0.39476784011674537,359.267,1,1,1,0.902,1
2013,GTM,HND,790978857,394757328,24.991125432173284,0.5229954405306101,0.38231585572835725,359.267,1,1,1,0.902,1
2014,GTM,HND,885487791,422778865,25.07316908651665,0.5454296486515364,0.3782167052377127,359.267,1,1,1,0.902,1
2015,GTM,HND,903372628,366616698,25.1423490102045,0.558060310743894,0.3759487449017227,359.267,1,1,1,0.902,1
2016,GTM,HND,913934260,331507375,25.196279089863193,0.584429636421568,0.3711073083539303,359.267,1,1,1,0.902,1
2017,GTM,HND,967261396,383887271,25.27323563442762,0.6031803547630883,0.3676893733156494,359.267,1,1,1,0.902,1
2018,GTM,HND,935176111,429884401,25.29910012577094,0.585837099890747,0.371089535535988,359.267,1,1,1,0.902,1
2019,GTM,HND,1000299756,479263958,25.347606470549902,0.5957978569128874,0.36936212630859644,359.267,1,1,1,0.902,1
2020,GTM,HND,1018468071,492274513,25.341025085157952,0.655901972047773,0.3581282836774475,359.267,1,1,1,0.902,1
1995,GTM,HTI,5114188,11074,23.58367755897595,1.3665701963435097,0.27022395489079837,1986.791,0,0,0,0.783,0
1996,GTM,HTI,12837364,105170,23.645478049859545,1.3951260232291594,0.2639694121865131,1986.791,0,0,0,0.783,0
1997,GTM,HTI,8621438,17841,23.77391068732897,1.3777912863910116,0.2661084081916902,1986.791,0,0,0,0.783,0
1998,GTM,HTI,10630769,48250,23.8639379816203,1.3492204205610365,0.2702568550307938,1986.791,0,0,0,0.783,0
1999,GTM,HTI,12846459,9396,23.835542539346925,1.176666304381646,0.30134747369665416,1986.791,0,0,0,0.783,0
2000,GTM,HTI,13397353,767,23.985293281784926,0.726285149172937,0.38578912643793073,1986.791,0,0,0,0.783,0
2001,GTM,HTI,10604601,6912,23.9315726221045,0.7456634247966232,0.3808982969990734,1986.791,0,0,0,0.783,0
2002,GTM,HTI,8328612,39704,24.0004988852001,0.8887003839044656,0.3526717680001803,1986.791,0,0,0,0.783,0
2003,GTM,HTI,9566468,159803,23.996750270756586,1.1645395452378366,0.29878400416988793,1986.791,0,0,0,0.783,0
2004,GTM,HTI,5383872,44791,24.111521371053854,1.0246333342302743,0.3245941886289119,1986.791,0,0,0,0.783,0
2005,GTM,HTI,11537677,224419,24.2486732111166,0.9736497256344938,0.3335326291109036,1986.791,0,0,0,0.783,0
2006,GTM,HTI,9209693,16331,24.341252649118346,1.028917482861969,0.32210678604222864,1986.791,0,0,0,0.783,0
2007,GTM,HTI,9173001,22762,24.486571443292465,0.9096991960511751,0.34431110039210977,1986.791,0,0,0,0.783,0
2008,GTM,HTI,20546026,7850,24.614863420132764,0.9471335576732391,0.3364444385594485,1986.791,0,0,0,0.783,0
2009,GTM,HTI,8233293,37730,24.60941618043265,0.8066803689814828,0.36273244851076275,1986.791,0,0,0,0.783,0
2010,GTM,HTI,28263808,5637,24.6847596721221,0.8726027585820395,0.3495607232049016,1986.791,0,0,0,0.783,0
2011,GTM,HTI,17772631,220128,24.815689701831598,0.9188215029619933,0.34008157556474683,1986.791,0,0,0,0.783,0
2012,GTM,HTI,22758117,18075,24.87119678287633,0.919783239700922,0.3393244842875367,1986.791,0,0,0,0.783,0
2013,GTM,HTI,34707872,224566,24.941287361747612,0.8995918379603545,0.34261703149598594,1986.791,0,0,0,0.783,0
2014,GTM,HTI,45898184,398317,25.013611088482406,0.968369439187323,0.3287832021061705,1986.791,0,0,0,0.783,0
2015,GTM,HTI,41818885,432382,25.06732240969399,1.0579146794988832,0.3109981770851329,1986.791,0,0,0,0.783,0
2016,GTM,HTI,57863631,694837,25.105810072491057,1.1737703465859948,0.2884322836400988,1986.791,0,0,0,0.783,0
2017,GTM,HTI,36407132,600389,25.185600852666926,1.179686278910336,0.286718635302615,1986.791,0,0,0,0.783,0
2018,GTM,HTI,40649948,1400430,25.219330928547645,1.1076713617569318,0.29968035550305294,1986.791,0,0,0,0.783,0
2019,GTM,HTI,37669480,2059235,25.242941907966525,1.2622802365423382,0.27023327502376393,1986.791,0,0,0,0.783,0
2020,GTM,HTI,38655443,126685,25.24628029477461,1.2859023187164018,0.26539410527000773,1986.791,0,0,0,0.783,0
1995,GTM,JAM,1963549,102673,23.77881903334214,0.6000266859344849,0.4276322484164816,1511.007,0,0,0,0.117,0
1996,GTM,JAM,6824636,339337,23.861743388305758,0.6640115307389065,0.4355706750656682,1511.007,0,0,0,0.117,0
1997,GTM,JAM,5509404,378314,23.98864579082844,0.6787604220961008,0.43572716026022995,1511.007,0,0,0,0.117,0
1998,GTM,JAM,4499685,384819,24.061973712021413,0.6514240761307049,0.4291570757872673,1511.007,0,0,0,0.117,0
1999,GTM,JAM,8175383,697109,24.02668404434708,0.7344712084831091,0.43990959019333187,1511.007,0,0,0,0.117,0
2000,GTM,JAM,8156986,522401,24.065911774970644,0.7120522492436772,0.4339475813893192,1511.007,0,0,0,0.117,0
2001,GTM,JAM,6248788,817754,24.041078772314165,0.7963023053273917,0.44431741357142573,1511.007,0,0,0,0.117,0
2002,GTM,JAM,6196046,875566,24.129889268171652,0.7629124164661958,0.4367843918091847,1511.007,0,0,0,0.117,0
2003,GTM,JAM,5734751,900556,24.157465353194542,0.6945137438679092,0.42327490615524893,1511.007,0,0,0,0.117,0
2004,GTM,JAM,11720119,1255971,24.242304062389238,0.6973345066624992,0.42115907042697814,1511.007,0,0,0,0.117,0
2005,GTM,JAM,22933371,874985,24.361573109051044,0.6850412670948725,0.4165050259147676,1511.007,0,0,0,0.117,0
2006,GTM,JAM,10739441,1493834,24.453156217634753,0.6544522547227869,0.40863899518636865,1511.007,0,0,0,0.117,0
2007,GTM,JAM,27322031,2673532,24.559863785960943,0.6186220900751858,0.39968999972112335,1511.007,0,0,0,0.117,0
2008,GTM,JAM,31513964,1607590,24.678602416717617,0.5644605741267865,0.38724971780220724,1511.007,0,0,0,0.117,0
2009,GTM,JAM,19824798,1241768,24.62010219556008,0.49151765353348154,0.371088567574754,1511.007,0,0,0,0.117,0
2010,GTM,JAM,18201738,221307,24.710340448946493,0.5002109696735024,0.37024874088487936,1511.007,0,0,0,0.117,0
2011,GTM,JAM,21355082,126721,24.839384447139572,0.4596093285808234,0.360141846921336,1511.007,0,0,0,0.117,0
2012,GTM,JAM,27338841,228690,24.888395743696947,0.44009006818047425,0.3541135524077508,1511.007,0,0,0,0.117,0
2013,GTM,JAM,23674142,217835,24.931842596437154,0.3481339555148182,0.33419634378953833,1511.007,0,0,0,0.117,0
2014,GTM,JAM,20131095,116544,24.996476392206585,0.24610364795406525,0.3123766421435854,1511.007,0,0,0,0.117,0
2015,GTM,JAM,29430980,213407,25.058922858670112,0.20589904795564706,0.30253101849214925,1511.007,0,0,0,0.117,0
2016,GTM,JAM,36109826,2162958,25.10692656633339,0.14898170447057524,0.28962861336654705,1511.007,0,0,0,0.117,0
2017,GTM,JAM,37551862,4165650,25.18298385214932,0.1295470640137104,0.2838800280614739,1511.007,0,0,0,0.117,0
2018,GTM,JAM,33905199,7380122,25.211220824159884,0.17969147342820868,0.29117525795756527,1511.007,0,0,0,0.117,0
2019,GTM,JAM,33363985,2162233,25.254259565756477,0.1463143613296527,0.28285538235200103,1511.007,0,0,0,0.117,0
2020,GTM,JAM,37301838,830922,25.238697919517552,0.013205087169602336,0.25652701091424274,1511.007,0,0,0,0.117,0
1995,GTM,LCA,121123,0,23.458825323746147,1.293705826535298,0.09407072250555709,3183.344,0,0,0,0.833,0
1996,GTM,LCA,339965,0,23.52442528267427,1.2706045070765146,0.09124154897491252,3183.344,0,0,0,0.833,0
1997,GTM,LCA,176051,0,23.646209767505134,1.175071924757587,0.08292106490441432,3183.344,0,0,0,0.833,0
1998,GTM,LCA,46800,0,23.73255082617487,1.1834303620338984,0.08281335170135098,3183.344,0,0,0,0.833,0
1999,GTM,LCA,24832,0,23.680271008868143,1.3009127462692192,0.09123403826714392,3183.344,0,0,0,0.833,0
2000,GTM,LCA,24832,0,23.730008263281285,1.2739952114456914,0.0879841596309583,3183.344,0,0,0,0.833,0
2001,GTM,LCA,9986,0,23.683256752540803,1.2918839432411469,0.08822841225759802,3183.344,0,0,0,0.833,0
2002,GTM,LCA,52995,0,23.784046157636848,1.2104535387943622,0.08077607492168393,3183.344,0,0,0,0.833,0
2003,GTM,LCA,0,0,23.839610881180686,1.2639363174672242,0.08369152439233843,3183.344,0,0,0,0.833,0
2004,GTM,LCA,0,0,23.927797388609626,1.2657113947444065,0.08281934570745642,3183.344,0,0,0,0.833,0
2005,GTM,LCA,47896,718,24.05257685151997,1.2118033764989793,0.07803754792193525,3183.344,0,0,0,0.833,0
2006,GTM,LCA,0,0,24.157662225320365,1.2258004254409522,0.07844847480246114,3183.344,0,0,0,0.833,0
2007,GTM,LCA,404932,0,24.27586604475413,1.1630756273095804,0.07362744899342341,3183.344,0,0,0,0.833,0
2008,GTM,LCA,1095464,0,24.410684072545344,1.1044600889010292,0.06940027371902607,3183.344,0,0,0,0.833,0
2009,GTM,LCA,1119132,1519,24.37463684893476,1.1212687390427156,0.07010717683475161,3183.344,0,0,0,0.833,0
2010,GTM,LCA,1351928,0,24.464813404010336,1.096556925379896,0.06803716635228989,3183.344,0,0,0,0.833,0
2011,GTM,LCA,1287146,0,24.60386221983512,1.0235397717881618,0.06297481684735312,3183.344,0,0,0,0.833,0
2012,GTM,LCA,2054205,0,24.658987945393328,0.9963146900370514,0.06073635940843561,3183.344,0,0,0,0.833,0
2013,GTM,LCA,2449354,393,24.724422851465356,0.9792228891697459,0.05905859720112303,3183.344,0,0,0,0.833,0
2014,GTM,LCA,367353,25,24.811047758381232,0.9571625026216068,0.057155575693617976,3183.344,0,0,0,0.833,0
2015,GTM,LCA,118685,3462754,24.882059329802853,0.9269506548566699,0.05491100673851924,3183.344,0,0,0,0.833,0
2016,GTM,LCA,409693,0,24.941585167070663,0.9094717161696941,0.05342445215166118,3183.344,0,0,0,0.833,0
2017,GTM,LCA,2061443,17473,25.02260227880147,0.9072251165962832,0.05275254561495538,3183.344,0,0,0,0.833,0
2018,GTM,LCA,702146,0,25.044396787529866,0.9302736785453423,0.05336446570384371,3183.344,0,0,0,0.833,0
2019,GTM,LCA,1323961,3824,25.094469195166514,0.915815748151692,0.052112611043831955,3183.344,0,0,0,0.833,0
2020,GTM,LCA,825397,51,25.09551236328394,0.6484878444428723,0.03998356729789792,3183.344,0,0,0,0.833,0
1995,GTM,MEX,44995305,308167623,26.64946977207766,1.0142383301240603,0.07515954147264492,1063.046,1,1,1,0.891,0
1996,GTM,MEX,79969443,322441957,26.779230851949517,1.0871852291953399,0.07077903654545059,1063.046,1,1,1,0.891,0
1997,GTM,MEX,77012607,438309683,26.97363387720662,1.1654908748560473,0.06630326073747383,1063.046,1,1,1,0.891,0
1998,GTM,MEX,105316193,485078111,27.025697288463736,1.1383679305073544,0.06853438568001646,1063.046,1,1,1,0.891,0
1999,GTM,MEX,97370204,498747350,27.15064594578472,1.335496910451079,0.057475951939008896,1063.046,1,1,1,0.891,0
2000,GTM,MEX,120182598,575990501,27.31246129031582,1.458800708244227,0.05164275660325868,1063.046,1,1,1,0.891,0
2001,GTM,MEX,79053970,553160500,27.376272732651007,1.5823405321825872,0.04636279524289133,1063.046,1,1,1,0.891,1
2002,GTM,MEX,75950182,552573255,27.398522170220957,1.5066702107856527,0.0502601062839263,1063.046,1,1,1,0.891,1
2003,GTM,MEX,106866725,561900453,27.344555198961622,1.403954119255073,0.0558157783645874,1063.046,1,1,1,0.891,1
2004,GTM,MEX,133351840,637570228,27.415123608776444,1.3927407788012358,0.056805496183211845,1063.046,1,1,1,0.891,1
2005,GTM,MEX,215842389,910163471,27.53038250677938,1.3867379476669406,0.05748399914572211,1063.046,1,1,1,0.891,1
2006,GTM,MEX,174085850,868971539,27.636139494479053,1.3933705395544438,0.05743359447450258,1063.046,1,1,1,0.891,1
2007,GTM,MEX,463724746,1179593634,27.713765540462102,1.353615612564817,0.05989436346769628,1063.046,1,1,1,0.891,1
2008,GTM,MEX,509492695,1405430653,27.76947170008168,1.273742539927727,0.06480318441969501,1063.046,1,1,1,0.891,1
2009,GTM,MEX,424510072,1198655312,27.56613191380488,1.1045678831497945,0.07609111244345224,1063.046,1,1,1,0.891,1
2010,GTM,MEX,447343570,1542537717,27.72494645329256,1.1787218261032804,0.07131722402043938,1063.046,1,1,1,0.891,1
2011,GTM,MEX,510787539,1859015291,27.83589129479232,1.1508461647323927,0.07346758991167346,1063.046,1,1,1,0.891,1
2012,GTM,MEX,549815776,1915631780,27.85471167613187,1.1160075641046792,0.076162148644495,1063.046,1,1,1,0.891,1
2013,GTM,MEX,469592592,1860241455,27.91427310911878,1.1133459183388315,0.07665992815366018,1063.046,1,1,1,0.891,0
2014,GTM,MEX,432442895,1950048725,27.94816750811606,1.061782736431919,0.0807092365915485,1063.046,1,1,1,0.891,1
2015,GTM,MEX,429805877,2040031659,27.841325634281223,0.8785428195835863,0.09570492505800954,1063.046,1,1,1,0.891,1
2016,GTM,MEX,458661108,1940613715,27.766027749439967,0.7397192216074355,0.10876231002497883,1063.046,1,1,1,0.891,1
2017,GTM,MEX,510994214,1964467126,27.838496292995835,0.7348936707152465,0.10967596098988652,1063.046,1,1,1,0.891,1
2018,GTM,MEX,508164307,2133569734,27.890007980985217,0.7715118814351776,0.10662403752769833,1063.046,1,1,1,0.891,1
2019,GTM,MEX,555446761,2192360415,27.928495547356025,0.7631976546891011,0.10786006821692995,1063.046,1,1,1,0.891,1
2020,GTM,MEX,462757198,2123864638,27.772104370197926,0.5929939311636403,0.12570268303420118,1063.046,1,1,1,0.891,1
1995,GTM,NIC,70972541,7674385,23.656903237662277,0.470476705496897,0.3435202757346312,536.598,0,1,1,0.892,1
1996,GTM,NIC,79872839,8173657,23.71815713288283,0.4929823047657811,0.3382319520915085,536.598,0,1,1,0.892,1
1997,GTM,NIC,83212020,9288920,23.822456449733274,0.5952100900452031,0.3175008827376444,536.598,0,1,1,0.892,1
1998,GTM,NIC,92542112,13872419,23.902600480778954,0.6206636680023125,0.3113655707455712,536.598,0,1,1,0.892,1
1999,GTM,NIC,103703603,7270167,23.866302412679705,0.5096116399860202,0.3312564834667561,536.598,0,1,1,0.892,1
2000,GTM,NIC,114328157,16881490,23.917691422655253,0.5019321339890306,0.33104485542789114,536.598,0,1,1,0.892,1
2001,GTM,NIC,130611723,32607919,23.88993639038899,0.4045195077176622,0.3480198031012045,536.598,0,1,1,0.892,1
2002,GTM,NIC,136173691,27284191,23.96852724086261,0.5196383713769634,0.32420736817234147,536.598,0,1,1,0.892,1
2003,GTM,NIC,153911225,28949495,24.01534776289601,0.5469488970568239,0.31743438882099784,536.598,0,1,1,0.892,1
2004,GTM,NIC,174516962,34564888,24.103336766106064,0.5428814249463185,0.31675795223802666,536.598,0,1,1,0.892,1
2005,GTM,NIC,213216366,35140435,24.222946518715947,0.5764318429881818,0.30897466076061125,536.598,0,1,1,0.892,1
2006,GTM,NIC,141209179,11868423,24.320791410582647,0.607131401281265,0.3018769844714285,536.598,0,1,1,0.892,1
2007,GTM,NIC,267181922,79820538,24.4366254489143,0.6289344819524016,0.29660244596715035,536.598,0,1,1,0.892,1
2008,GTM,NIC,327542529,92738008,24.573430660612836,0.6255282374348736,0.29620099413779816,536.598,0,1,1,0.892,1
2009,GTM,NIC,281816005,52873116,24.53932016222433,0.6075722103146255,0.29863027705584,536.598,0,1,1,0.892,1
2010,GTM,NIC,352669402,82303152,24.623925003864098,0.6401744709851878,0.29156651958333946,536.598,0,1,1,0.892,1
2011,GTM,NIC,458944912,76927969,24.760164486220962,0.6675908656624179,0.28553542569706986,536.598,0,1,1,0.892,1
2012,GTM,NIC,473274524,97821406,24.81970766087512,0.6448874608251689,0.2889653416682918,536.598,0,1,1,0.892,1
2013,GTM,NIC,486919068,109943450,24.88182886874796,0.6650179165121752,0.28439092079210954,536.598,0,1,1,0.892,1
2014,GTM,NIC,513740731,123330063,24.96793712032731,0.6700064537975177,0.2826890930927917,536.598,0,1,1,0.892,1
2015,GTM,NIC,554815881,131354277,25.039992235905878,0.667185257179332,0.2824890237288733,536.598,0,1,1,0.892,1
2016,GTM,NIC,569273582,121339835,25.097005840810755,0.6831699377248244,0.2788316022807758,536.598,0,1,1,0.892,1
2017,GTM,NIC,562222394,128179985,25.17108034099547,0.7240956441089059,0.2706344295941531,536.598,0,1,1,0.892,1
2018,GTM,NIC,540523034,159567558,25.180328323629446,0.798862994208676,0.25646165790172,536.598,0,1,1,0.892,1
2019,GTM,NIC,549888751,147741657,25.218969688017914,0.8786115936030843,0.24180868803406946,536.598,0,1,1,0.892,1
2020,GTM,NIC,662430787,143448900,25.22558499535579,0.8821629570987524,0.24063791985823738,536.598,0,1,1,0.892,1
1995,GTM,PAN,37000812,86391345,23.91082510271426,0.8972462399090855,0.4780066911266551,1356.189,0,1,1,0.802,0
1996,GTM,PAN,46322730,79768490,23.963720342966102,0.864086775428877,0.474186142241219,1356.189,0,1,1,0.802,0
1997,GTM,PAN,42574805,111833520,24.072022329902754,0.8192597429624779,0.46878589015241845,1356.189,0,1,1,0.802,0
1998,GTM,PAN,67640133,153733209,24.156316422069388,0.8169874607960681,0.46812323202816797,1356.189,0,1,1,0.802,0
1999,GTM,PAN,64232885,146208350,24.139307969758296,0.9246135237225808,0.4793482631021646,1356.189,0,1,1,0.802,0
2000,GTM,PAN,54723005,162554013,24.1761995831913,0.8918572561170679,0.4755608055675502,1356.189,0,1,1,0.802,0
2001,GTM,PAN,43388472,211239017,24.154255561638944,0.9593474025924928,0.48176004407817286,1356.189,0,1,1,0.802,0
2002,GTM,PAN,68661922,268599078,24.2329742578816,0.8967900878601354,0.4751814516270563,1356.189,0,1,1,0.802,0
2003,GTM,PAN,91647490,322259706,24.286308022570683,0.8983140256693352,0.4750273526654255,1356.189,0,1,1,0.802,0
2004,GTM,PAN,107561220,398074542,24.376276320629145,0.9042572738125587,0.47537654175035704,1356.189,0,1,1,0.802,0
2005,GTM,PAN,80497473,132944936,24.488132190445356,0.8658560295721784,0.4709143245402373,1356.189,0,1,1,0.802,0
2006,GTM,PAN,82000696,363330704,24.5920897416687,0.8654743499092925,0.47064578168645915,1356.189,0,1,1,0.802,0
2007,GTM,PAN,118692622,399562090,24.728120545161207,0.9064972785377661,0.4749838833944674,1356.189,0,1,1,0.802,0
2008,GTM,PAN,161214724,412007134,24.876818354410233,0.9372117073802011,0.4780178156795596,1356.189,0,1,1,0.802,0
2009,GTM,PAN,183858212,78095547,24.885932054131445,1.0497587836794633,0.48786241806511665,1356.189,0,1,1,0.802,1
2010,GTM,PAN,222023336,438372989,24.973427113387437,1.0414289741199232,0.487160105581368,1356.189,0,1,1,0.802,1
2011,GTM,PAN,247479366,476968531,25.12463345992265,1.0643833241293574,0.48883161801337965,1356.189,0,1,1,0.802,1
2012,GTM,PAN,246624979,543402364,25.22333875624548,1.1618593170918263,0.49481858970384357,1356.189,0,1,1,0.802,1
2013,GTM,PAN,237409700,584874521,25.314301952993,1.2163729349703072,0.49718612559856246,1356.189,0,1,1,0.802,1
2014,GTM,PAN,282680559,679747793,25.403301020099903,1.2195090222940443,0.49729235364510616,1356.189,0,1,1,0.802,1
2015,GTM,PAN,261533693,606472333,25.479248855639753,1.2273426497554123,0.49757700354722,1356.189,0,1,1,0.802,1
2016,GTM,PAN,248878773,565204157,25.54323622880283,1.2346228709200737,0.49784081980487654,1356.189,0,1,1,0.802,1
2017,GTM,PAN,288754525,556638792,25.620036853884976,1.2239500626596396,0.49750723194122526,1356.189,0,1,1,0.802,1
2018,GTM,PAN,242996861,586555163,25.651518971555458,1.244467641294266,0.49820395258270267,1356.189,0,1,1,0.802,1
2019,GTM,PAN,233427674,670289506,25.693109985710745,1.2239590472494797,0.4975716914088848,1356.189,0,1,1,0.802,1
2020,GTM,PAN,214932190,618568657,25.60289355408208,0.9997331144220105,0.48387802422534054,1356.189,0,1,1,0.802,1
1995,GTM,PER,28605254,9217161,24.942305758032433,0.43178521119679125,0.3382577308179806,3325.267,0,1,1,0.895,0
1996,GTM,PER,29487254,5309981,24.984920537203337,0.4057627803675894,0.34431663773400056,3325.267,0,1,1,0.895,0
1997,GTM,PER,13160991,10184991,25.053177112379164,0.33553455639562024,0.35877704730587134,3325.267,0,1,1,0.895,0
1998,GTM,PER,48545640,11588632,25.039379137465247,0.2085984944036543,0.383801693001659,3325.267,0,1,1,0.895,0
1999,GTM,PER,8631840,14043922,24.950183327893914,0.17253504849157686,0.39179418427821455,3325.267,0,1,1,0.895,0
2000,GTM,PER,4655511,20221080,24.98641850772592,0.16128693000632666,0.39561681486250166,3325.267,0,1,1,0.895,0
2001,GTM,PER,6514556,10181609,24.97796128405899,0.22496077178130935,0.3860506332017335,3325.267,0,1,1,0.895,0
2002,GTM,PER,6092136,14152231,25.04370638118147,0.183136555805131,0.39583655669901774,3325.267,0,1,1,0.895,0
2003,GTM,PER,1440150,15258569,25.10912738294888,0.2107741192027932,0.39297479214449293,3325.267,0,1,1,0.895,0
2004,GTM,PER,6014490,17776066,25.226912466991916,0.26244969958710396,0.3857260722865864,3325.267,0,1,1,0.895,0
2005,GTM,PER,11341717,62036975,25.356480569829795,0.27729436985017486,0.3852109556877794,3325.267,0,1,1,0.895,0
2006,GTM,PER,18132235,46566950,25.497229496214008,0.33736290146915326,0.3762426169100167,3325.267,0,1,1,0.895,0
2007,GTM,PER,38143670,105806037,25.633998652178743,0.37003520853383964,0.3722828199843974,3325.267,0,1,1,0.895,0
2008,GTM,PER,53105759,183672387,25.792512512881416,0.40948287563988384,0.36695427810345116,3325.267,0,1,1,0.895,0
2009,GTM,PER,27867540,80725078,25.785537590423328,0.4589608436910524,0.35960331403676027,3325.267,0,1,1,0.895,0
2010,GTM,PER,79759489,67439847,25.960799592157134,0.577562088415708,0.3388332667842777,3325.267,0,1,1,0.895,0
2011,GTM,PER,82403622,102224358,26.110682552763674,0.5978625248191047,0.33686611207520323,3325.267,0,1,1,0.895,0
2012,GTM,PER,80241333,115477369,26.213207027364515,0.6657866947425344,0.3256291084096723,3325.267,0,1,1,0.895,0
2013,GTM,PER,30110713,91731907,26.26127707877335,0.6512937846223767,0.3300631914819512,3325.267,0,1,1,0.895,0
2014,GTM,PER,30584653,204199791,26.278709784504287,0.5684217720153235,0.34729199621930396,3325.267,0,1,1,0.895,0
2015,GTM,PER,52641018,104080128,26.25266114379738,0.4442792785808152,0.3717581671235486,3325.267,0,1,1,0.895,0
2016,GTM,PER,51163283,85088516,26.2760303209491,0.3966473587400188,0.38099840325654677,3325.267,0,1,1,0.895,0
2017,GTM,PER,87039767,70582248,26.36751534614057,0.40986121748047744,0.3784737007995558,3325.267,0,1,1,0.895,0
2018,GTM,PER,52691156,91994575,26.412892864376342,0.4405910425413424,0.37249508626901906,3325.267,0,1,1,0.895,0
2019,GTM,PER,44867003,97750984,26.445185941818256,0.41542686083446156,0.37710984508896606,3325.267,0,1,1,0.895,0
2020,GTM,PER,47677569,76335493,26.356693784761564,0.28590271320585003,0.40102047464574997,3325.267,0,1,1,0.895,0
1995,GTM,PRY,0,725660,23.889480523230382,0.2863765214405003,0.47219243899675845,5691.879,0,1,1,0.903,0
1996,GTM,PRY,27636,96127,23.960501185429074,0.2973187799756225,0.47327922091222807,5691.879,0,1,1,0.903,0
1997,GTM,PRY,37570,123725,24.046690916877466,0.18987454545493243,0.460260151235922,5691.879,0,1,1,0.903,0
1998,GTM,PRY,50572,250863,24.07862775978453,0.03202660647907152,0.4374556522634425,5691.879,0,1,1,0.903,0
1999,GTM,PRY,826731,323066,24.02484479615912,0.04503415509511122,0.43904707053418696,5691.879,0,1,1,0.903,0
2000,GTM,PRY,380360,144100,24.06061893815325,4.1709081874685694e-4,0.43129149395645455,5691.879,0,1,1,0.903,0
2001,GTM,PRY,48857,468339,24.015429679922867,0.009433114737954718,0.4321535207221089,5691.879,0,1,1,0.903,0
2002,GTM,PRY,3216,463940,24.042546718766697,0.2575549313263563,0.38513801498106276,5691.879,0,1,1,0.903,0
2003,GTM,PRY,20370,946582,24.09975101422117,0.24120611893838806,0.3874661879604471,5691.879,0,1,1,0.903,0
2004,GTM,PRY,51109,958077,24.22586773148375,0.10159839493122469,0.4116972522429283,5691.879,0,1,1,0.903,0
2005,GTM,PRY,296204,509974,24.34816778199744,0.11508508683172991,0.4085558116980921,5691.879,0,1,1,0.903,0
2006,GTM,PRY,39159,282058,24.488499624139376,0.008845763331653878,0.42859964858020216,5691.879,0,1,1,0.903,0
2007,GTM,PRY,12444,900349,24.663373525544586,0.17827344592324845,0.453325824080604,5691.879,0,1,1,0.903,0
2008,GTM,PRY,774775,957703,24.868309857711694,0.36770234386257084,0.4757970822339197,5691.879,0,1,1,0.903,0
2009,GTM,PRY,441384,1139180,24.808931930600917,0.313110743701456,0.46916906857023977,5691.879,0,1,1,0.903,0
2010,GTM,PRY,284707,1201336,24.94151119979601,0.4241285575285607,0.48042238116179936,5691.879,0,1,1,0.903,0
2011,GTM,PRY,504572,2433379,25.113165813075497,0.5013593837266797,0.48676235330045925,5691.879,0,1,1,0.903,0
2012,GTM,PRY,789770,1206156,25.140785083554075,0.43533436648401924,0.4806712069676914,5691.879,0,1,1,0.903,0
2013,GTM,PRY,685348,2149679,25.24121962483422,0.5219512418994618,0.48774992327663297,5691.879,0,1,1,0.903,0
2014,GTM,PRY,994705,2167464,25.310581446114547,0.4816578550960937,0.4841771951321051,5691.879,0,1,1,0.903,0
2015,GTM,PRY,1204443,3964212,25.312281836617235,0.3039941302273519,0.46515774613555205,5691.879,0,1,1,0.903,0
2016,GTM,PRY,1140683,3091316,25.349642328418298,0.24363180539613616,0.4569716122725646,5691.879,0,1,1,0.903,0
2017,GTM,PRY,939108,3351933,25.4296493254486,0.24293888513661877,0.4564478148588598,5691.879,0,1,1,0.903,0
2018,GTM,PRY,1609078,3817836,25.45448728991496,0.2556139797409731,0.4577266037345896,5691.879,0,1,1,0.903,0
2019,GTM,PRY,1384571,15067542,25.467562626793864,0.1484472845714766,0.44208780751066684,5691.879,0,1,1,0.903,0
2020,GTM,PRY,873087,9566093,25.453083741904134,0.08287039779702354,0.4314761426524629,5691.879,0,1,1,0.903,0
1995,GTM,SLV,268853421,161167703,23.88355240739619,0.1067040970656965,0.4704325999968595,181.113,1,1,1,0.905,1
1996,GTM,SLV,257994280,128678996,23.952534010421513,0.12446843412801378,0.47095408625335,181.113,1,1,1,0.905,1
1997,GTM,SLV,310887700,228453741,24.05588926370716,0.07578939241777771,0.4635003176358794,181.113,1,1,1,0.905,1
1998,GTM,SLV,320008913,334751532,24.135474435137134,0.07169619574358865,0.4611149147356257,181.113,1,1,1,0.905,1
1999,GTM,SLV,356263342,256944003,24.111128344775334,0.17572096863618203,0.47176802070319535,181.113,1,1,1,0.905,1
2000,GTM,SLV,341088867,313779207,24.159629404639475,0.18451291999925612,0.47084207954541557,181.113,1,1,1,0.905,1
2001,GTM,SLV,477108381,414353963,24.147128980250557,0.2901724713165059,0.4800968413298191,181.113,1,1,1,0.905,1
2002,GTM,SLV,457513320,383006837,24.223052751543477,0.23277439236633413,0.4723907467480447,181.113,1,1,1,0.905,1
2003,GTM,SLV,501728806,398974047,24.2734647786977,0.2400994295184642,0.4713679253676843,181.113,1,1,1,0.905,1
2004,GTM,SLV,544845640,434906667,24.34231538525005,0.20339513479065463,0.4651185749696293,181.113,1,1,1,0.905,1
2005,GTM,SLV,653001138,369125221,24.44851443434682,0.16047837620919658,0.45755831976607064,181.113,1,1,1,0.905,1
2006,GTM,SLV,489519575,283636364,24.54633211501896,0.15626302441689255,0.454860854314902,181.113,1,1,1,0.905,1
2007,GTM,SLV,841286751,620817136,24.64681453214602,0.11207998557373067,0.44642823540317156,181.113,1,1,1,0.905,1
2008,GTM,SLV,972585302,687205962,24.757342794990457,0.04566189334687021,0.434045892752179,181.113,1,1,1,0.905,1
2009,GTM,SLV,817282970,463029320,24.72563332375314,0.07504607309196398,0.4363629895796245,181.113,1,1,1,0.905,1
2010,GTM,SLV,993793094,675571696,24.802908724351198,0.04479381210272937,0.42932627207262986,181.113,1,1,1,0.905,1
2011,GTM,SLV,1125928493,820369591,24.930342100519912,0.011692435339938356,0.42160959162437606,181.113,1,1,1,0.905,1
2012,GTM,SLV,1110744004,780284705,24.98566554998135,0.021633627664320088,0.4210348565289175,181.113,1,1,1,0.905,1
2013,GTM,SLV,1108769719,819984473,25.040587279308443,0.003767525618341594,0.41451852928630756,181.113,1,1,1,0.905,1
2014,GTM,SLV,1263804379,830655084,25.110850372383226,0.05174382408432798,0.40394925106677954,181.113,1,1,1,0.905,1
2015,GTM,SLV,1239767515,903702206,25.17323643658075,0.0751129780022115,0.3976065828641191,181.113,1,1,1,0.905,1
2016,GTM,SLV,1204217390,902040120,25.225795749050945,0.09212985366986715,0.3924108981363445,181.113,1,1,1,0.905,1
2017,GTM,SLV,1216534630,972192948,25.294189491538056,0.13021094257700305,0.3833502582308606,181.113,1,1,1,0.905,1
2018,GTM,SLV,1335072215,1025106051,25.32070051850649,0.09990657908613265,0.3869300451136484,181.113,1,1,1,0.905,1
2019,GTM,SLV,1383082151,1034350048,25.36685521496823,0.10704838134471117,0.38367319846693654,181.113,1,1,1,0.905,1
2020,GTM,SLV,1313447063,974906451,25.350621614309127,0.1921398516796149,0.36581846475195134,181.113,1,1,1,0.905,1
1995,GTM,SUR,226993,13315,23.454185521847705,0.09407228125371603,0.08606570323516262,3979.619,0,0,0,0.356,0
1996,GTM,SUR,403070,531,23.528820601560373,0.2561478791125573,0.09875742001326589,3979.619,0,0,0,0.356,0
1997,GTM,SUR,508387,0,23.65266858495759,0.2126998108389211,0.09409548402954135,3979.619,0,0,0,0.356,0
1998,GTM,SUR,671620,5498,23.74400004075903,0.3190536812581124,0.10247308795107066,3979.619,0,0,0,0.356,0
1999,GTM,SUR,979867,0,23.678421031248384,0.16206663332479554,0.08803975536273259,3979.619,0,0,0,0.356,0
2000,GTM,SUR,899559,0,23.73075369845047,0.18986523918315967,0.08927360799198866,3979.619,0,0,0,0.356,0
2001,GTM,SUR,807908,0,23.68023042168299,0.12145789975342947,0.08296507710482977,3979.619,0,0,0,0.356,0
2002,GTM,SUR,493737,0,23.793074460612836,0.298215259577983,0.09639327024274416,3979.619,0,0,0,0.356,0
2003,GTM,SUR,111750,18599,23.852240678746256,0.4072122881240441,0.10530507291006173,3979.619,0,0,0,0.356,0
2004,GTM,SUR,33303,37073,23.94459380345817,0.4805796258774615,0.11142300645302486,3979.619,0,0,0,0.356,0
2005,GTM,SUR,571266,44664,24.075865669865024,0.5515089695737689,0.11763627243586221,3979.619,0,0,0,0.356,0
2006,GTM,SUR,42030,24,24.200521029303264,0.8368117985224979,0.14910317553838334,3979.619,0,0,0,0.356,0
2007,GTM,SUR,1016262,6172,24.320700839165717,0.835704568092404,0.1479476223291574,3979.619,0,0,0,0.356,0
2008,GTM,SUR,3021569,0,24.461812020108226,0.891116756288878,0.1539622228982074,3979.619,0,0,0,0.356,0
2009,GTM,SUR,3852562,41934,24.436870912887684,1.0273640866881735,0.17117043254754577,3979.619,0,0,0,0.356,0
2010,GTM,SUR,3435071,40945,24.530924054731383,1.0627126587917788,0.1751479850564899,3979.619,0,0,0,0.356,0
2011,GTM,SUR,4937910,7356,24.66092522941674,0.9399354615463249,0.15755058386630338,3979.619,0,0,0,0.356,0
2012,GTM,SUR,4902104,0,24.722822703777485,1.0088466589623781,0.16585065123910228,3979.619,0,0,0,0.356,0
2013,GTM,SUR,3208719,11033,24.78615926138446,0.98169125608994,0.1613401478403216,3979.619,0,0,0,0.356,0
2014,GTM,SUR,2416008,5378,24.867875760800402,0.9187024582824233,0.15232474204115548,3979.619,0,0,0,0.356,0
2015,GTM,SUR,2537226,13107,24.932611465423722,0.8307923378063169,0.14071359459208008,3979.619,0,0,0,0.356,0
2016,GTM,SUR,5322740,147234,24.962737113211713,0.34162223275946424,0.09106935933003292,3979.619,0,0,0,0.356,0
2017,GTM,SUR,5507025,293408,25.044025366555324,0.3460313330113838,0.09090714589328862,3979.619,0,0,0,0.356,0
2018,GTM,SUR,5117950,48255,25.069727878354296,0.4377547424762547,0.09816472674670669,3979.619,0,0,0,0.356,0
2019,GTM,SUR,5708861,2205,25.11777053283803,0.39036756134418127,0.093537848592123,3979.619,0,0,0,0.356,0
2020,GTM,SUR,5276620,44754,25.11138487790504,0.06583634348816858,0.06910006836721719,3979.619,0,0,0,0.356,0
1995,GTM,TTO,667495,1243723,23.718228744439077,1.0927568598840178,0.39111029556512056,3178.478,0,0,0,0.343,0
1996,GTM,TTO,5860659,2603010,23.788261701279975,1.1245249863782423,0.3930058691211146,3178.478,0,0,0,0.343,0
1997,GTM,TTO,1936033,4622984,23.881447583599336,1.0159142231250762,0.36879624920823867,3178.478,0,0,0,0.343,0
1998,GTM,TTO,857578,17257509,23.95955659075628,1.0036034114517074,0.3622653986102757,3178.478,0,0,0,0.343,0
1999,GTM,TTO,1626146,41033824,23.947224513096835,1.2018950700052695,0.3950982604695559,3178.478,0,0,0,0.343,0
2000,GTM,TTO,1770882,21659047,24.035382989997334,1.3523687087144198,0.41769197634810706,3178.478,0,0,0,0.343,0
2001,GTM,TTO,2034290,1179207,24.027587975520273,1.4987896604302096,0.43810818004895724,3178.478,0,0,0,0.343,0
2002,GTM,TTO,813353,1595429,24.10604394424496,1.432890798268402,0.4246176933490431,3178.478,0,0,0,0.343,0
2003,GTM,TTO,618799,2154382,24.216185502970077,1.6229796243448922,0.45121628657164875,3178.478,0,0,0,0.343,0
2004,GTM,TTO,3130236,2110993,24.33032662719683,1.711456879933853,0.4609753360219132,3178.478,0,0,0,0.343,0
2005,GTM,TTO,11156699,64143228,24.479005165679688,1.7849909814191935,0.46810480881093475,3178.478,0,0,0,0.343,0
2006,GTM,TTO,1709396,14602350,24.59683340379418,1.834945063360613,0.47205299248896654,3178.478,0,0,0,0.343,0
2007,GTM,TTO,4648841,39054625,24.73440066626518,1.8931915649800724,0.4766680922219779,3178.478,0,0,0,0.343,0
2008,GTM,TTO,10203503,20717402,24.918593098861848,2.0236919259946644,0.48717056631334965,3178.478,0,0,0,0.343,0
2009,GTM,TTO,13010174,16695100,24.75392677988466,1.6998851670105708,0.4491496308012296,3178.478,0,0,0,0.343,0
2010,GTM,TTO,18598579,12448171,24.863768219613153,1.766201403431137,0.45657036551957875,3178.478,0,0,0,0.343,0
2011,GTM,TTO,14424151,12594633,25.004216182983637,1.7743562748215833,0.45602973809453223,3178.478,0,0,0,0.343,0
2012,GTM,TTO,27730428,21107901,25.04550506270332,1.7422294095695143,0.4499970291034099,3178.478,0,0,0,0.343,0
2013,GTM,TTO,22758758,142464066,25.108599737434435,1.7436352458014355,0.4486274021834971,3178.478,0,0,0,0.343,0
2014,GTM,TTO,18873664,86645469,25.171410717716526,1.67955864087239,0.43742150391851986,3178.478,0,0,0,0.343,0
2015,GTM,TTO,23002580,4526498,25.19085122435058,1.5172631284260056,0.4087621487227743,3178.478,0,0,0,0.343,0
2016,GTM,TTO,23635333,16544089,25.205590078240164,1.3594241075166824,0.37810426703101263,3178.478,0,0,0,0.343,0
2017,GTM,TTO,22070470,6342940,25.26698139272577,1.2895755632187562,0.36275669736030625,3178.478,0,0,0,0.343,0
2018,GTM,TTO,24201744,2431776,25.29682670498499,1.336166721992301,0.3693411782213969,3178.478,0,0,0,0.343,0
2019,GTM,TTO,20977074,7962709,25.330716837387108,1.277218794710807,0.35587405907152253,3178.478,0,0,0,0.343,0
2020,GTM,TTO,20294220,3382090,25.320329954107564,1.209248699263636,0.3405427558710908,3178.478,0,0,0,0.343,0
1995,GTM,URY,42811,524034,24.248245041208957,1.4353268749728993,0.4906530344805517,6600.935,0,1,1,0.56,0
1996,GTM,URY,141127,670548,24.312059137427454,1.4461641234795461,0.49105456593763214,6600.935,0,1,1,0.56,0
1997,GTM,URY,60473,612759,24.45520117017081,1.4917873477278594,0.4890503421445323,6600.935,0,1,1,0.56,0
1998,GTM,URY,250488,2284654,24.525059162258287,1.4800346056073659,0.4910527170241634,6600.935,0,1,1,0.56,0
1999,GTM,URY,89099,2557477,24.468108652934696,1.498915278941654,0.49103144654672326,6600.935,0,1,1,0.56,0
2000,GTM,URY,47470,2957585,24.463600542649893,1.418491359511239,0.49647795424069696,6600.935,0,1,1,0.56,0
2001,GTM,URY,71609,4115408,24.394591935133988,1.39959247076857,0.497987458361407,6600.935,0,1,1,0.56,0
2002,GTM,URY,196266,8650829,24.251116444673908,0.8881883640884594,0.47983772970874194,6600.935,0,1,1,0.56,0
2003,GTM,URY,288498,19031470,24.238445942707283,0.7349695737567012,0.45982324612541287,6600.935,0,1,1,0.56,0
2004,GTM,URY,41991,20152514,24.341283248316778,0.7958936239825567,0.4647729253814989,6600.935,0,1,1,0.56,0
2005,GTM,URY,141954,8818783,24.510777251068824,0.9270030360823398,0.47723097439923645,6600.935,0,1,1,0.56,0
2006,GTM,URY,695360,4485722,24.62167308881441,0.9614764455559266,0.47876444691271136,6600.935,0,1,1,0.56,0
2007,GTM,URY,3249104,36407016,24.765938804408783,1.0371056310908608,0.48411068879164904,6600.935,0,1,1,0.56,0
2008,GTM,URY,3917272,59667498,24.95548760930451,1.1767953043681265,0.49301917319034627,6600.935,0,1,1,0.56,0
2009,GTM,URY,967048,61401474,24.954278500288,1.270974100785823,0.4968439449959715,6600.935,0,1,1,0.56,0
2010,GTM,URY,2141628,57026554,25.117232328001126,1.4360293487525224,0.4999882812476847,6600.935,0,1,1,0.56,0
2011,GTM,URY,1882778,66397896,25.275441850813376,1.4839472704476488,0.4999343976452149,6600.935,0,1,1,0.56,0
2012,GTM,URY,906293,73475182,25.336982906626552,1.5089611778209253,0.499862847949626,6600.935,0,1,1,0.56,0
2013,GTM,URY,872536,63839939,25.428532675230915,1.572415789138418,0.4991583667776441,6600.935,0,1,1,0.56,0
2014,GTM,URY,1631700,79039029,25.46896647905696,1.4936493736613485,0.49998565787280225,6600.935,0,1,1,0.56,0
2015,GTM,URY,419858,96514204,25.47219423737459,1.3631989883733393,0.4970211948552703,6600.935,0,1,1,0.56,0
2016,GTM,URY,703740,92033604,25.53780820302661,1.3876369287230403,0.4974428248882261,6600.935,0,1,1,0.56,0
2017,GTM,URY,1080667,88949947,25.635097599007494,1.434223065589336,0.498509147892005,6600.935,0,1,1,0.56,0
2018,GTM,URY,581186,107873407,25.648514775005893,1.429458592348329,0.4980077355074847,6600.935,0,1,1,0.56,0
2019,GTM,URY,1006866,95945742,25.652337904668904,1.338467162344191,0.4934786990183373,6600.935,0,1,1,0.56,0
2020,GTM,URY,1135740,120234625,25.600243708464845,1.210076624199953,0.48331111837771784,6600.935,0,1,1,0.56,0
1995,GTM,USA,605813030,1478397718,29.666302337234406,3.002630140651206,0.0038219419522722564,3318.143,0,0,1,0.303,0
1996,GTM,USA,746578949,1408523211,29.72150111351782,3.0029513281561133,0.0038681797872470725,3318.143,0,0,1,0.303,0
1997,GTM,USA,841222754,1613563296,29.78224183345079,2.9485195134367324,0.004130888701122437,3318.143,0,0,1,0.303,0
1998,GTM,USA,841759723,1962756256,29.837339077725535,2.9291108380209154,0.004261972392432201,3318.143,0,0,1,0.303,0
1999,GTM,USA,843505734,1892792648,29.89787359714647,3.0592282453426716,0.0037897539711146955,3318.143,0,0,1,0.303,0
2000,GTM,USA,978323003,2075342044,29.96040725974616,3.08337496477366,0.003748693662728453,3318.143,0,0,1,0.303,0
2001,GTM,USA,644462606,2418890981,29.991896494445722,3.1760252031847207,0.003466576240911845,3318.143,0,0,1,0.303,0
2002,GTM,USA,728884547,2810524541,30.024987157579766,3.1176208294263725,0.0037247995244029664,3318.143,0,0,1,0.303,0
2003,GTM,USA,791018798,2944266816,30.071611847272177,3.1235461334932397,0.0037519401103560668,3318.143,0,0,1,0.303,0
2004,GTM,USA,860741126,3198855254,30.135510306150508,3.110716442424443,0.0038459215902579835,3318.143,0,0,1,0.303,0
2005,GTM,USA,2694229471,3558260926,30.200837362668253,3.059970374265161,0.004092132451427588,3318.143,0,0,1,0.303,0
2006,GTM,USA,1004967351,3698168680,30.25889874074378,3.023700923749895,0.004287734770460627,3318.143,0,0,1,0.303,1
2007,GTM,USA,2934363046,4728229348,30.304164192648173,2.958116693218982,0.004623968733778128,3318.143,0,0,1,0.303,1
2008,GTM,USA,3048511642,5334624361,30.322355580764718,2.8486410831980757,0.005206759472006439,3318.143,0,0,1,0.303,1
2009,GTM,USA,2953261317,4174414565,30.30420785242134,2.877027474656627,0.005112611308665249,3318.143,0,0,1,0.303,1
2010,GTM,USA,3283734538,5125631524,30.34125088398333,2.8326636955640607,0.0053970728729533235,3318.143,0,0,1,0.303,1
2011,GTM,USA,4224787668,6510430000,30.37761598239795,2.737794484803702,0.005995739515165743,3318.143,0,0,1,0.303,1
2012,GTM,USA,4154976456,6461996187,30.41890485268423,2.733115699607117,0.006086512610969708,3318.143,0,0,1,0.303,1
2013,GTM,USA,3866979897,6510815266,30.454650191185685,2.7130513595989676,0.006275118175975702,3318.143,0,0,1,0.303,1
2014,GTM,USA,3943691612,7357976746,30.49806829712071,2.6786122660458975,0.006558091597192339,3318.143,0,0,1,0.303,1
2015,GTM,USA,3735342822,6548454908,30.537948774087525,2.6556987094472078,0.006773030126785873,3318.143,0,0,1,0.303,1
2016,GTM,USA,3653636687,6537799701,30.565469800610103,2.6321044276226306,0.006998174475871144,3318.143,0,0,1,0.303,1
2017,GTM,USA,3797850941,7337752714,30.60729700142494,2.60235711038848,0.007279501360721419,3318.143,0,0,1,0.303,1
2018,GTM,USA,3921561477,7476074110,30.660433276617464,2.6448853754598627,0.007053346755946377,3318.143,0,0,1,0.303,1
2019,GTM,USA,3849482614,7368361464,30.69955043581485,2.644258366278123,0.007135598577453939,3318.143,0,0,1,0.303,1
2020,GTM,USA,3763785832,6294934577,30.677001282656708,2.6196254337103486,0.007352917927734515,3318.143,0,0,1,0.303,1
1995,GTM,VCT,39138,0,23.429408342265884,0.7192873466893985,0.04132373346680391,3165.425,0,0,0,0.202,0
1996,GTM,VCT,82395,0,23.49624976259571,0.7244512528431848,0.0405619412790717,3165.425,0,0,0,0.202,0
1997,GTM,VCT,231790,0,23.62126380744117,0.6702138596173377,0.037612318706681434,3165.425,0,0,0,0.202,0
1998,GTM,VCT,41792,0,23.707386481286346,0.6799398492409372,0.037083859919249354,3165.425,0,0,0,0.202,0
1999,GTM,VCT,197171,0,23.652277518103105,0.8059289393657334,0.040895413012652454,3165.425,0,0,0,0.202,0
2000,GTM,VCT,211020,0,23.703127339531605,0.7925169925638373,0.039449770853519285,3165.425,0,0,0,0.202,0
2001,GTM,VCT,73430,0,23.65899566414065,0.9442525570179852,0.04462083574079132,3165.425,0,0,0,0.202,0
2002,GTM,VCT,23250,5768,23.76330639729348,0.9317312255356063,0.043210430802621984,3165.425,0,0,0,0.202,0
2003,GTM,VCT,84053,24824,23.816948402427037,0.9397706224329196,0.042730989435629856,3165.425,0,0,0,0.202,0
2004,GTM,VCT,17466,0,23.905446984055583,0.9505918130248636,0.04238042609842934,3165.425,0,0,0,0.202,0
2005,GTM,VCT,0,400,24.031407183854697,0.8965922963086079,0.03948402429164301,3165.425,0,0,0,0.202,0
2006,GTM,VCT,14350,0,24.136236894096715,0.9158783181953849,0.039441819152101994,3165.425,0,0,0,0.202,0
2007,GTM,VCT,55522,817,24.257019925420693,0.9291263323387584,0.039166265108065576,3165.425,0,0,0,0.202,0
2008,GTM,VCT,531624,0,24.391924534098237,0.828194209693355,0.03485226690170303,3165.425,0,0,0,0.202,0
2009,GTM,VCT,905533,0,24.355597843733182,0.8545118295103524,0.035071773654763626,3165.425,0,0,0,0.202,0
2010,GTM,VCT,506910,0,24.44552343968543,0.7911458720412066,0.032400531968142854,3165.425,0,0,0,0.202,0
2011,GTM,VCT,685332,0,24.58509482314428,0.659464248473487,0.028032997230776655,3165.425,0,0,0,0.202,0
2012,GTM,VCT,1376622,0,24.64101033288871,0.6443201048656508,0.027179446880742662,3165.425,0,0,0,0.202,0
2013,GTM,VCT,47959,0,24.707009288716897,0.6337857206315824,0.026491228572105473,3165.425,0,0,0,0.202,0
2014,GTM,VCT,367834,0,24.793661137692023,0.5701437092815596,0.024536474152202985,3165.425,0,0,0,0.202,0
2015,GTM,VCT,261291,0,24.8654729360143,0.5497090725849514,0.023715131089262532,3165.425,0,0,0,0.202,0
2016,GTM,VCT,532137,475,24.925390305917634,0.5277961736572507,0.022908166576300015,3165.425,0,0,0,0.202,0
2017,GTM,VCT,626784,0,25.00611160250324,0.4820751590540855,0.02163024005170633,3165.425,0,0,0,0.202,0
2018,GTM,VCT,183199,0,25.02759959350209,0.49697891973844577,0.02168086870977897,3165.425,0,0,0,0.202,0
2019,GTM,VCT,924919,0,25.077986225721755,0.47515584220750284,0.020972341466485467,3165.425,0,0,0,0.202,0
2020,GTM,VCT,757336,0,25.08524416876775,0.4580762946509367,0.020383557754076277,3165.425,0,0,0,0.202,0
